15S_rRNA	0
21S_rRNA	0
HRA1	0
LSR1	0
NME1	0
Q0010	0
Q0017	0
Q0032	0
Q0045	0
Q0050	0
Q0055	0
Q0060	0
Q0065	0
Q0070	0
Q0075	0
Q0080	0
Q0085	0
Q0092	0
Q0105	0
Q0110	0
Q0115	0
Q0120	0
Q0130	0
Q0140	0
Q0142	0
Q0143	0
Q0144	0
Q0160	0
Q0182	0
Q0250	0
Q0255	0
Q0275	0
Q0297	0
R0010W	3
R0020C	14
R0030W	1
R0040C	20
RDN18-1	205
RDN18-2	2
RDN25-1	1408
RDN25-2	59
RDN5-1	0
RDN5-2	1
RDN5-3	0
RDN5-4	0
RDN5-5	3
RDN5-6	0
RDN58-1	85
RDN58-2	1
RNA170	0
RPM1	0
RPR1	0
RUF5-1	0
RUF5-2	0
SCR1	0
SRG1	1
TLC1	0
YAL001C	3
YAL002W	2
YAL003W	31
YAL004W	0
YAL005C	31
YAL007C	8
YAL008W	0
YAL009W	0
YAL010C	0
YAL011W	1
YAL012W	6
YAL013W	1
YAL014C	0
YAL015C	1
YAL016C-A	0
YAL016C-B	0
YAL016W	4
YAL017W	3
YAL018C	0
YAL019W	5
YAL019W-A	0
YAL020C	0
YAL021C	1
YAL022C	0
YAL023C	7
YAL024C	0
YAL025C	3
YAL026C	4
YAL026C-A	0
YAL027W	0
YAL028W	0
YAL029C	7
YAL030W	2
YAL031C	2
YAL031W-A	0
YAL032C	0
YAL033W	3
YAL034C	0
YAL034C-B	0
YAL034W-A	1
YAL035W	23
YAL036C	7
YAL037C-A	0
YAL037C-B	0
YAL037W	0
YAL038W	105
YAL039C	3
YAL040C	5
YAL041W	3
YAL042C-A	0
YAL042W	6
YAL043C	3
YAL044C	2
YAL044W-A	2
YAL045C	0
YAL046C	0
YAL047C	2
YAL047W-A	0
YAL048C	0
YAL049C	1
YAL051W	1
YAL053W	4
YAL054C	0
YAL055W	0
YAL056C-A	0
YAL056W	0
YAL058W	1
YAL059C-A	0
YAL059W	2
YAL060W	4
YAL061W	3
YAL062W	0
YAL063C	0
YAL063C-A	0
YAL064C-A	0
YAL064W	0
YAL064W-B	0
YAL065C	0
YAL066W	0
YAL067C	0
YAL067W-A	0
YAL068C	0
YAL068W-A	0
YAL069W	0
YAR002C-A	2
YAR002W	2
YAR003W	3
YAR007C	4
YAR008W	1
YAR009C	0
YAR010C	0
YAR014C	5
YAR015W	5
YAR018C	0
YAR019C	1
YAR019W-A	0
YAR020C	0
YAR023C	0
YAR027W	2
YAR028W	0
YAR029W	0
YAR030C	0
YAR031W	0
YAR033W	0
YAR035C-A	0
YAR035W	0
YAR042W	2
YAR047C	0
YAR050W	0
YAR053W	0
YAR060C	0
YAR061W	0
YAR062W	0
YAR064W	0
YAR066W	0
YAR068W	11
YAR069C	0
YAR070C	0
YAR071W	1
YAR073W	0
YAR075W	0
YBL001C	2
YBL002W	6
YBL003C	20
YBL004W	8
YBL005W	2
YBL005W-A	0
YBL005W-B	3
YBL006C	1
YBL006W-A	0
YBL007C	4
YBL008W	2
YBL008W-A	0
YBL009W	3
YBL010C	1
YBL011W	4
YBL012C	0
YBL013W	0
YBL014C	0
YBL015W	0
YBL016W	0
YBL017C	2
YBL018C	2
YBL019W	0
YBL020W	0
YBL021C	0
YBL022C	11
YBL023C	0
YBL024W	11
YBL025W	0
YBL026W	0
YBL027W	92
YBL028C	5
YBL029C-A	0
YBL029W	0
YBL030C	6
YBL031W	1
YBL032W	7
YBL033C	1
YBL034C	2
YBL035C	2
YBL036C	1
YBL037W	3
YBL038W	3
YBL039C	6
YBL039C-A	0
YBL039W-B	0
YBL040C	0
YBL041W	9
YBL042C	4
YBL043W	0
YBL044W	0
YBL045C	3
YBL046W	2
YBL047C	6
YBL048W	0
YBL049W	0
YBL050W	1
YBL051C	6
YBL052C	2
YBL053W	0
YBL054W	0
YBL055C	0
YBL056W	7
YBL057C	5
YBL058W	5
YBL059C-A	4
YBL059W	0
YBL060W	1
YBL061C	2
YBL062W	0
YBL063W	2
YBL064C	1
YBL065W	0
YBL066C	0
YBL067C	4
YBL068W	1
YBL068W-A	0
YBL069W	1
YBL070C	0
YBL071C	0
YBL071C-B	0
YBL071W-A	4
YBL072C	24
YBL073W	0
YBL074C	0
YBL075C	0
YBL076C	18
YBL077W	0
YBL078C	1
YBL079W	2
YBL080C	0
YBL081W	3
YBL082C	0
YBL083C	0
YBL084C	0
YBL085W	2
YBL086C	4
YBL087C	6
YBL088C	2
YBL089W	1
YBL090W	2
YBL091C	2
YBL091C-A	0
YBL092W	30
YBL093C	1
YBL094C	0
YBL095W	2
YBL096C	0
YBL097W	2
YBL098W	1
YBL099W	3
YBL100C	0
YBL100W-A	0
YBL100W-B	1
YBL100W-C	0
YBL101C	2
YBL102W	1
YBL103C	0
YBL104C	3
YBL105C	5
YBL106C	1
YBL107C	4
YBL107W-A	0
YBL108C-A	0
YBL108W	0
YBL109W	0
YBL111C	0
YBL112C	0
YBL113C	2
YBL113W-A	0
YBR001C	3
YBR002C	0
YBR003W	3
YBR004C	1
YBR005W	0
YBR006W	0
YBR007C	3
YBR008C	0
YBR009C	23
YBR010W	16
YBR011C	17
YBR012C	0
YBR012W-A	0
YBR012W-B	7
YBR013C	0
YBR014C	1
YBR015C	5
YBR016W	0
YBR017C	4
YBR018C	0
YBR019C	0
YBR020W	0
YBR021W	0
YBR022W	3
YBR023C	2
YBR024W	1
YBR025C	17
YBR026C	0
YBR027C	0
YBR028C	3
YBR029C	3
YBR030W	0
YBR031W	65
YBR032W	0
YBR033W	0
YBR034C	4
YBR035C	2
YBR036C	2
YBR037C	1
YBR038W	2
YBR039W	10
YBR040W	0
YBR041W	1
YBR042C	0
YBR043C	1
YBR044C	0
YBR045C	0
YBR046C	1
YBR047W	0
YBR048W	35
YBR049C	9
YBR050C	0
YBR051W	0
YBR052C	4
YBR053C	2
YBR054W	2
YBR055C	1
YBR056C-B	0
YBR056W	3
YBR056W-A	0
YBR057C	3
YBR058C	1
YBR058C-A	0
YBR059C	4
YBR060C	6
YBR061C	2
YBR062C	0
YBR063C	1
YBR064W	0
YBR065C	0
YBR066C	1
YBR067C	0
YBR068C	2
YBR069C	1
YBR070C	0
YBR071W	1
YBR072C-A	0
YBR072W	0
YBR073W	0
YBR074W	5
YBR076C-A	0
YBR076W	0
YBR077C	0
YBR078W	12
YBR079C	7
YBR080C	1
YBR081C	1
YBR082C	10
YBR083W	1
YBR084C-A	56
YBR084W	16
YBR085C-A	0
YBR085W	1
YBR086C	8
YBR087W	1
YBR088C	2
YBR089C-A	0
YBR089W	0
YBR090C	0
YBR091C	0
YBR092C	0
YBR093C	0
YBR094W	4
YBR095C	2
YBR096W	0
YBR097W	0
YBR098W	0
YBR099C	0
YBR101C	3
YBR102C	1
YBR103C-A	0
YBR103W	1
YBR104W	0
YBR105C	5
YBR106W	8
YBR107C	0
YBR108W	1
YBR109C	8
YBR109W-A	0
YBR110W	2
YBR111C	4
YBR111W-A	0
YBR112C	6
YBR113W	0
YBR114W	1
YBR115C	4
YBR116C	0
YBR117C	0
YBR118W	143
YBR119W	1
YBR120C	1
YBR121C	12
YBR121C-A	0
YBR122C	4
YBR123C	6
YBR124W	0
YBR125C	0
YBR126C	6
YBR126W-A	13
YBR126W-B	0
YBR127C	24
YBR128C	0
YBR129C	0
YBR130C	0
YBR131C-A	0
YBR131W	0
YBR132C	0
YBR133C	2
YBR134W	0
YBR135W	0
YBR136W	1
YBR137W	1
YBR138C	2
YBR139W	1
YBR140C	2
YBR141C	0
YBR141W-A	0
YBR142W	9
YBR143C	8
YBR144C	0
YBR145W	0
YBR146W	1
YBR147W	0
YBR148W	0
YBR149W	7
YBR150C	0
YBR151W	2
YBR152W	2
YBR153W	0
YBR154C	6
YBR155W	12
YBR156C	1
YBR157C	0
YBR158W	0
YBR159W	4
YBR160W	3
YBR161W	0
YBR162C	8
YBR162W-A	2
YBR163W	1
YBR164C	3
YBR165W	1
YBR166C	0
YBR167C	0
YBR168W	1
YBR169C	1
YBR170C	4
YBR171W	1
YBR172C	14
YBR173C	3
YBR174C	0
YBR175W	3
YBR176W	0
YBR177C	1
YBR178W	0
YBR179C	0
YBR180W	0
YBR181C	5
YBR182C	0
YBR182C-A	0
YBR183W	0
YBR184W	0
YBR185C	0
YBR186W	0
YBR187W	2
YBR188C	2
YBR189W	227
YBR190W	0
YBR191W	10
YBR191W-A	0
YBR192W	3
YBR193C	1
YBR194W	0
YBR195C	0
YBR196C	28
YBR196C-A	0
YBR196C-B	0
YBR197C	1
YBR198C	3
YBR199W	6
YBR200W	0
YBR200W-A	0
YBR201C-A	0
YBR201W	1
YBR202W	3
YBR203W	1
YBR204C	1
YBR205W	1
YBR206W	0
YBR207W	0
YBR208C	2
YBR209W	0
YBR210W	0
YBR211C	3
YBR212W	1
YBR213W	0
YBR214W	0
YBR215W	1
YBR216C	1
YBR217W	1
YBR218C	5
YBR219C	0
YBR220C	1
YBR221C	4
YBR221W-A	0
YBR222C	0
YBR223C	0
YBR223W-A	0
YBR224W	0
YBR225W	0
YBR226C	0
YBR227C	3
YBR228W	0
YBR229C	2
YBR230C	1
YBR230W-A	0
YBR231C	0
YBR232C	0
YBR233W	1
YBR233W-A	2
YBR234C	0
YBR235W	4
YBR236C	2
YBR237W	0
YBR238C	2
YBR239C	2
YBR240C	0
YBR241C	0
YBR242W	2
YBR243C	2
YBR244W	2
YBR245C	11
YBR246W	1
YBR247C	12
YBR248C	1
YBR249C	6
YBR250W	0
YBR251W	1
YBR252W	6
YBR253W	2
YBR254C	0
YBR255C-A	0
YBR255W	2
YBR256C	1
YBR257W	1
YBR258C	0
YBR259W	0
YBR260C	1
YBR261C	1
YBR262C	2
YBR263W	4
YBR264C	0
YBR265W	2
YBR266C	0
YBR267W	3
YBR268W	5
YBR269C	0
YBR270C	2
YBR271W	3
YBR272C	1
YBR273C	0
YBR274W	1
YBR275C	8
YBR276C	1
YBR277C	0
YBR278W	0
YBR279W	9
YBR280C	1
YBR281C	0
YBR282W	0
YBR283C	5
YBR284W	0
YBR285W	0
YBR286W	14
YBR287W	2
YBR288C	0
YBR289W	2
YBR290W	2
YBR291C	1
YBR292C	0
YBR293W	1
YBR294W	0
YBR295W	0
YBR296C	0
YBR296C-A	0
YBR297W	0
YBR298C	3
YBR298C-A	0
YBR299W	0
YBR300C	0
YBR301W	0
YBR302C	1
YCL001W	4
YCL001W-A	0
YCL001W-B	0
YCL002C	0
YCL004W	0
YCL005W	0
YCL005W-A	0
YCL007C	0
YCL008C	1
YCL009C	6
YCL010C	0
YCL011C	16
YCL012C	0
YCL014W	2
YCL016C	0
YCL017C	4
YCL018W	1
YCL019W	4
YCL020W	0
YCL021W-A	0
YCL022C	0
YCL023C	0
YCL024W	1
YCL025C	3
YCL026C-A	0
YCL026C-B	0
YCL027W	0
YCL028W	6
YCL029C	3
YCL030C	9
YCL031C	1
YCL032W	4
YCL033C	1
YCL034W	1
YCL035C	1
YCL036W	0
YCL037C	0
YCL038C	0
YCL039W	0
YCL040W	5
YCL041C	1
YCL042W	1
YCL043C	14
YCL044C	0
YCL045C	4
YCL046W	0
YCL047C	0
YCL048W	0
YCL048W-A	0
YCL049C	1
YCL050C	6
YCL051W	1
YCL052C	4
YCL054W	13
YCL055W	0
YCL056C	0
YCL057C-A	1
YCL057W	15
YCL058C	0
YCL058W-A	4
YCL059C	3
YCL061C	1
YCL063W	3
YCL064C	6
YCL065W	0
YCL066W	0
YCL067C	0
YCL068C	0
YCL069W	0
YCL073C	0
YCL074W	0
YCL075W	0
YCL076W	0
YCR001W	0
YCR002C	4
YCR003W	6
YCR004C	1
YCR005C	1
YCR006C	0
YCR007C	0
YCR008W	1
YCR009C	5
YCR010C	0
YCR011C	5
YCR012W	27
YCR013C	0
YCR014C	0
YCR015C	1
YCR016W	7
YCR017C	4
YCR018C	0
YCR018C-A	0
YCR019W	0
YCR020C	0
YCR020C-A	2
YCR020W-B	1
YCR021C	3
YCR022C	0
YCR023C	3
YCR024C	1
YCR024C-A	1
YCR024C-B	1
YCR025C	0
YCR026C	5
YCR027C	0
YCR028C	1
YCR028C-A	3
YCR030C	6
YCR031C	3
YCR032W	0
YCR033W	3
YCR034W	1
YCR035C	0
YCR036W	1
YCR037C	1
YCR038C	0
YCR038W-A	0
YCR039C	3
YCR040W	0
YCR041W	0
YCR042C	4
YCR043C	0
YCR044C	1
YCR045C	0
YCR045W-A	0
YCR046C	0
YCR047C	0
YCR047W-A	0
YCR048W	1
YCR049C	0
YCR050C	0
YCR051W	1
YCR052W	3
YCR053W	15
YCR054C	1
YCR057C	5
YCR059C	0
YCR060W	0
YCR061W	0
YCR063W	0
YCR064C	0
YCR065W	5
YCR066W	2
YCR067C	7
YCR068W	0
YCR069W	0
YCR071C	0
YCR072C	3
YCR073C	2
YCR073W-A	0
YCR075C	0
YCR075W-A	0
YCR076C	0
YCR077C	4
YCR079W	0
YCR081C-A	0
YCR081W	2
YCR082W	4
YCR083W	1
YCR084C	13
YCR085W	0
YCR086W	1
YCR087C-A	2
YCR087W	0
YCR088W	9
YCR089W	0
YCR090C	0
YCR091W	0
YCR092C	2
YCR093W	5
YCR094W	1
YCR095C	2
YCR095W-A	0
YCR096C	0
YCR097W	2
YCR097W-A	0
YCR098C	0
YCR099C	0
YCR100C	0
YCR101C	0
YCR102C	0
YCR102W-A	0
YCR104W	0
YCR105W	0
YCR106W	0
YCR107W	1
YCR108C	0
YDL001W	0
YDL002C	4
YDL003W	4
YDL004W	1
YDL005C	2
YDL006W	0
YDL007C-A	0
YDL007W	5
YDL008W	0
YDL009C	0
YDL010W	2
YDL011C	0
YDL012C	1
YDL013W	0
YDL014W	15
YDL015C	3
YDL016C	0
YDL017W	1
YDL018C	2
YDL019C	3
YDL020C	3
YDL021W	2
YDL022C-A	0
YDL022W	2
YDL023C	0
YDL024C	0
YDL025C	0
YDL025W-A	0
YDL026W	0
YDL027C	1
YDL028C	0
YDL029W	2
YDL030W	2
YDL031W	2
YDL032W	0
YDL033C	1
YDL034W	0
YDL035C	2
YDL036C	1
YDL037C	0
YDL038C	3
YDL039C	0
YDL040C	6
YDL041W	0
YDL042C	2
YDL043C	1
YDL044C	0
YDL045C	0
YDL045W-A	2
YDL046W	5
YDL047W	1
YDL048C	1
YDL049C	0
YDL050C	0
YDL051W	6
YDL052C	8
YDL053C	2
YDL054C	1
YDL055C	42
YDL056W	1
YDL057W	0
YDL058W	10
YDL059C	0
YDL060W	7
YDL061C	7
YDL062W	0
YDL063C	2
YDL064W	0
YDL065C	2
YDL066W	5
YDL067C	0
YDL068W	0
YDL069C	0
YDL070W	7
YDL071C	0
YDL072C	5
YDL073W	1
YDL074C	6
YDL075W	53
YDL076C	0
YDL077C	1
YDL078C	6
YDL079C	0
YDL080C	1
YDL081C	34
YDL082W	7
YDL083C	9
YDL084W	9
YDL085C-A	2
YDL085W	0
YDL086C-A	0
YDL086W	5
YDL087C	0
YDL088C	2
YDL089W	1
YDL090C	2
YDL091C	2
YDL092W	5
YDL093W	0
YDL094C	0
YDL095W	12
YDL096C	0
YDL097C	14
YDL098C	1
YDL099W	3
YDL100C	10
YDL101C	3
YDL102W	3
YDL103C	1
YDL104C	0
YDL105W	0
YDL106C	1
YDL107W	0
YDL108W	0
YDL109C	0
YDL110C	1
YDL111C	4
YDL112W	5
YDL113C	0
YDL114W	0
YDL114W-A	0
YDL115C	2
YDL116W	2
YDL117W	2
YDL118W	0
YDL119C	0
YDL120W	3
YDL121C	8
YDL122W	12
YDL123W	1
YDL124W	4
YDL125C	3
YDL126C	23
YDL127W	1
YDL128W	0
YDL129W	3
YDL130W	62
YDL130W-A	2
YDL131W	3
YDL132W	5
YDL133C-A	169
YDL133W	0
YDL134C	3
YDL135C	2
YDL136W	90
YDL137W	5
YDL138W	2
YDL139C	2
YDL140C	7
YDL141W	1
YDL142C	0
YDL143W	8
YDL144C	2
YDL145C	12
YDL146W	0
YDL147W	8
YDL148C	10
YDL149W	0
YDL150W	4
YDL151C	0
YDL152W	0
YDL153C	7
YDL154W	0
YDL155W	5
YDL156W	0
YDL157C	3
YDL158C	0
YDL159C-B	0
YDL159W	0
YDL159W-A	0
YDL160C	2
YDL160C-A	0
YDL161W	9
YDL162C	0
YDL163W	0
YDL164C	1
YDL165W	0
YDL166C	4
YDL167C	1
YDL168W	0
YDL169C	0
YDL170W	2
YDL171C	4
YDL172C	0
YDL173W	1
YDL174C	10
YDL175C	0
YDL176W	0
YDL177C	0
YDL178W	6
YDL179W	1
YDL180W	0
YDL181W	0
YDL182W	5
YDL183C	0
YDL184C	161
YDL185C-A	0
YDL185W	24
YDL186W	0
YDL187C	0
YDL188C	0
YDL189W	2
YDL190C	3
YDL191W	11
YDL192W	24
YDL193W	1
YDL194W	0
YDL195W	7
YDL196W	0
YDL197C	3
YDL198C	2
YDL199C	0
YDL200C	1
YDL201W	1
YDL202W	1
YDL203C	0
YDL204W	0
YDL205C	1
YDL206W	0
YDL207W	0
YDL208W	1
YDL209C	0
YDL210W	0
YDL211C	0
YDL212W	9
YDL213C	12
YDL214C	0
YDL215C	2
YDL216C	1
YDL217C	0
YDL218W	0
YDL219W	0
YDL220C	0
YDL221W	0
YDL222C	0
YDL223C	0
YDL224C	2
YDL225W	5
YDL226C	3
YDL227C	0
YDL228C	0
YDL229W	71
YDL230W	1
YDL231C	3
YDL232W	2
YDL233W	0
YDL234C	1
YDL235C	3
YDL236W	4
YDL237W	1
YDL238C	0
YDL239C	0
YDL240C-A	0
YDL240W	1
YDL241W	0
YDL242W	0
YDL243C	0
YDL244W	0
YDL245C	0
YDL246C	0
YDL247W	0
YDL247W-A	0
YDL248W	0
YDR001C	7
YDR002W	23
YDR003W	0
YDR003W-A	0
YDR004W	1
YDR005C	0
YDR006C	0
YDR007W	3
YDR008C	0
YDR009W	0
YDR010C	0
YDR011W	4
YDR012W	3
YDR013W	0
YDR014W	1
YDR014W-A	0
YDR015C	0
YDR016C	0
YDR017C	3
YDR018C	0
YDR019C	0
YDR020C	0
YDR021W	0
YDR022C	1
YDR023W	16
YDR024W	0
YDR025W	13
YDR026C	5
YDR027C	4
YDR028C	6
YDR029W	0
YDR030C	0
YDR031W	0
YDR032C	0
YDR033W	9
YDR034C	1
YDR034C-A	0
YDR034C-C	0
YDR034C-D	1
YDR034W-B	0
YDR035W	7
YDR036C	0
YDR037W	20
YDR038C	1
YDR039C	2
YDR040C	0
YDR041W	6
YDR042C	0
YDR043C	0
YDR044W	0
YDR045C	0
YDR046C	4
YDR047W	2
YDR048C	0
YDR049W	3
YDR050C	66
YDR051C	2
YDR052C	3
YDR053W	0
YDR054C	9
YDR055W	0
YDR056C	4
YDR057W	2
YDR058C	1
YDR059C	0
YDR060W	25
YDR061W	0
YDR062W	14
YDR063W	4
YDR064W	62
YDR065W	0
YDR066C	1
YDR067C	1
YDR068W	5
YDR069C	0
YDR070C	0
YDR071C	6
YDR072C	0
YDR073W	0
YDR074W	6
YDR075W	2
YDR076W	0
YDR077W	41
YDR078C	0
YDR079C-A	0
YDR079W	0
YDR080W	2
YDR081C	1
YDR082W	0
YDR083W	6
YDR084C	1
YDR085C	1
YDR086C	3
YDR087C	1
YDR088C	1
YDR089W	1
YDR090C	0
YDR091C	3
YDR092W	3
YDR093W	7
YDR094W	0
YDR095C	0
YDR096W	3
YDR097C	1
YDR098C	3
YDR098C-A	0
YDR098C-B	0
YDR099W	16
YDR100W	1
YDR101C	1
YDR102C	0
YDR103W	0
YDR104C	0
YDR105C	2
YDR106W	0
YDR107C	0
YDR108W	1
YDR109C	1
YDR110W	2
YDR111C	0
YDR112W	0
YDR113C	1
YDR114C	0
YDR115W	1
YDR116C	1
YDR117C	2
YDR118W	1
YDR118W-A	0
YDR119W	6
YDR119W-A	1
YDR120C	0
YDR121W	2
YDR122W	2
YDR123C	0
YDR124W	0
YDR125C	0
YDR126W	0
YDR127W	8
YDR128W	5
YDR129C	6
YDR130C	0
YDR131C	0
YDR132C	0
YDR133C	0
YDR134C	3
YDR135C	6
YDR136C	0
YDR137W	0
YDR138W	0
YDR139C	1
YDR140W	1
YDR141C	3
YDR142C	0
YDR143C	3
YDR144C	8
YDR145W	3
YDR146C	0
YDR147W	0
YDR148C	3
YDR149C	0
YDR150W	5
YDR151C	0
YDR152W	8
YDR153C	0
YDR154C	0
YDR155C	18
YDR156W	0
YDR157W	0
YDR158W	10
YDR159W	1
YDR160W	0
YDR161W	4
YDR162C	0
YDR163W	0
YDR164C	3
YDR165W	3
YDR166C	4
YDR167W	4
YDR168W	5
YDR169C	0
YDR169C-A	0
YDR170C	6
YDR170W-A	1
YDR171W	2
YDR172W	6
YDR173C	0
YDR174W	17
YDR175C	4
YDR176W	3
YDR177W	9
YDR178W	0
YDR179C	0
YDR179W-A	0
YDR180W	0
YDR181C	2
YDR182W	0
YDR182W-A	0
YDR183C-A	0
YDR183W	3
YDR184C	3
YDR185C	0
YDR186C	3
YDR187C	0
YDR188W	17
YDR189W	6
YDR190C	6
YDR191W	1
YDR192C	1
YDR193W	0
YDR194C	8
YDR194W-A	0
YDR195W	2
YDR196C	1
YDR197W	0
YDR198C	0
YDR199W	0
YDR200C	2
YDR201W	4
YDR202C	1
YDR203W	0
YDR204W	2
YDR205W	0
YDR206W	1
YDR207C	3
YDR208W	1
YDR209C	0
YDR210C-C	0
YDR210C-D	1
YDR210W	0
YDR210W-A	0
YDR210W-B	1
YDR211W	10
YDR212W	2
YDR213W	0
YDR214W	1
YDR215C	0
YDR216W	0
YDR217C	1
YDR218C	0
YDR219C	1
YDR220C	0
YDR221W	2
YDR222W	0
YDR223W	0
YDR224C	10
YDR225W	4
YDR226W	16
YDR227W	3
YDR228C	1
YDR229W	2
YDR230W	0
YDR231C	1
YDR232W	10
YDR233C	9
YDR234W	3
YDR235W	0
YDR236C	2
YDR237W	0
YDR238C	6
YDR239C	1
YDR240C	1
YDR241W	0
YDR242W	1
YDR243C	0
YDR244W	3
YDR245W	9
YDR246W	2
YDR246W-A	0
YDR247W	0
YDR248C	1
YDR249C	0
YDR250C	0
YDR251W	0
YDR252W	0
YDR253C	0
YDR254W	1
YDR255C	0
YDR256C	0
YDR257C	2
YDR258C	5
YDR259C	2
YDR260C	0
YDR261C	5
YDR261C-C	0
YDR261C-D	0
YDR261W-A	0
YDR261W-B	0
YDR262W	0
YDR263C	1
YDR264C	4
YDR265W	1
YDR266C	2
YDR267C	1
YDR268W	0
YDR269C	0
YDR270W	3
YDR271C	0
YDR272W	1
YDR273W	0
YDR274C	0
YDR275W	1
YDR276C	3
YDR277C	0
YDR278C	0
YDR279W	0
YDR280W	3
YDR281C	0
YDR282C	0
YDR283C	2
YDR284C	1
YDR285W	1
YDR286C	0
YDR287W	0
YDR288W	1
YDR289C	2
YDR290W	0
YDR291W	1
YDR292C	4
YDR293C	5
YDR294C	3
YDR295C	2
YDR296W	0
YDR297W	2
YDR298C	5
YDR299W	10
YDR300C	2
YDR301W	2
YDR302W	1
YDR303C	2
YDR304C	6
YDR305C	0
YDR306C	0
YDR307W	1
YDR308C	1
YDR309C	0
YDR310C	4
YDR311W	0
YDR312W	5
YDR313C	1
YDR314C	0
YDR315C	0
YDR316W	5
YDR316W-A	0
YDR316W-B	6
YDR317W	0
YDR318W	0
YDR319C	0
YDR320C	0
YDR320C-A	1
YDR320W-B	0
YDR321W	0
YDR322C-A	1
YDR322W	1
YDR323C	1
YDR324C	7
YDR325W	7
YDR326C	4
YDR327W	0
YDR328C	11
YDR329C	2
YDR330W	2
YDR331W	2
YDR332W	0
YDR333C	3
YDR334W	5
YDR335W	9
YDR336W	0
YDR337W	5
YDR338C	0
YDR339C	4
YDR340W	0
YDR341C	12
YDR342C	2
YDR343C	0
YDR344C	0
YDR345C	13
YDR346C	11
YDR347W	1
YDR348C	0
YDR349C	3
YDR350C	0
YDR351W	0
YDR352W	2
YDR353W	10
YDR354C-A	0
YDR354W	0
YDR355C	0
YDR356W	3
YDR357C	0
YDR358W	2
YDR359C	2
YDR360W	0
YDR361C	4
YDR362C	1
YDR363W	2
YDR363W-A	0
YDR364C	4
YDR365C	4
YDR365W-A	0
YDR365W-B	1
YDR366C	0
YDR367W	5
YDR368W	1
YDR369C	0
YDR370C	0
YDR371C-A	0
YDR371W	0
YDR372C	4
YDR373W	3
YDR374C	0
YDR374W-A	0
YDR375C	0
YDR376W	3
YDR377W	0
YDR378C	3
YDR379C-A	0
YDR379W	2
YDR380W	1
YDR381C-A	1
YDR381W	3
YDR382W	30
YDR383C	0
YDR384C	0
YDR385W	3
YDR386W	0
YDR387C	0
YDR388W	6
YDR389W	1
YDR390C	2
YDR391C	2
YDR392W	1
YDR393W	7
YDR394W	3
YDR395W	1
YDR396W	0
YDR397C	3
YDR398W	5
YDR399W	7
YDR400W	3
YDR401W	0
YDR402C	0
YDR403W	0
YDR404C	1
YDR405W	2
YDR406W	4
YDR406W-A	0
YDR407C	4
YDR408C	3
YDR409W	1
YDR410C	0
YDR411C	1
YDR412W	3
YDR413C	0
YDR414C	0
YDR415C	0
YDR416W	1
YDR417C	0
YDR418W	17
YDR419W	0
YDR420W	2
YDR421W	1
YDR422C	4
YDR423C	1
YDR424C	1
YDR425W	1
YDR426C	0
YDR427W	11
YDR428C	0
YDR429C	18
YDR430C	3
YDR431W	0
YDR432W	1
YDR433W	1
YDR434W	2
YDR435C	1
YDR436W	2
YDR437W	0
YDR438W	0
YDR439W	1
YDR440W	2
YDR441C	2
YDR442W	0
YDR443C	3
YDR444W	2
YDR445C	0
YDR446W	0
YDR447C	3
YDR448W	2
YDR449C	3
YDR450W	32
YDR451C	0
YDR452W	7
YDR453C	0
YDR454C	6
YDR455C	0
YDR456W	1
YDR457W	10
YDR458C	2
YDR459C	0
YDR460W	0
YDR461C-A	1
YDR461W	0
YDR462W	0
YDR463W	0
YDR464C-A	0
YDR464W	8
YDR465C	3
YDR466W	1
YDR467C	0
YDR468C	1
YDR469W	1
YDR470C	0
YDR471W	14
YDR472W	1
YDR473C	1
YDR475C	1
YDR476C	0
YDR477W	4
YDR478W	0
YDR479C	1
YDR480W	1
YDR481C	4
YDR482C	0
YDR483W	8
YDR484W	1
YDR485C	1
YDR486C	2
YDR487C	12
YDR488C	0
YDR489W	0
YDR490C	1
YDR491C	0
YDR492W	1
YDR493W	1
YDR494W	3
YDR495C	0
YDR496C	3
YDR497C	8
YDR498C	2
YDR499W	2
YDR500C	48
YDR501W	0
YDR502C	7
YDR503C	2
YDR504C	0
YDR505C	0
YDR506C	1
YDR507C	5
YDR508C	6
YDR509W	0
YDR510C-A	0
YDR510W	13
YDR511W	2
YDR512C	0
YDR513W	1
YDR514C	5
YDR515W	0
YDR516C	2
YDR517W	1
YDR518W	1
YDR519W	1
YDR520C	0
YDR521W	0
YDR522C	0
YDR523C	0
YDR524C	1
YDR524C-A	0
YDR524C-B	11
YDR524W-C	0
YDR525W	0
YDR525W-A	0
YDR526C	0
YDR527W	2
YDR528W	0
YDR529C	7
YDR530C	0
YDR531W	1
YDR532C	1
YDR533C	1
YDR534C	1
YDR535C	0
YDR536W	0
YDR537C	0
YDR538W	0
YDR539W	0
YDR540C	0
YDR541C	0
YDR542W	0
YDR543C	0
YDR544C	0
YDR545C-A	0
YDR545W	2
YEL001C	2
YEL002C	6
YEL003W	11
YEL004W	0
YEL005C	0
YEL006W	1
YEL007W	1
YEL008C-A	0
YEL008W	0
YEL009C	13
YEL009C-A	0
YEL010W	0
YEL011W	2
YEL012W	0
YEL013W	4
YEL014C	0
YEL015W	5
YEL016C	0
YEL017C-A	3
YEL017W	2
YEL018C-A	0
YEL018W	1
YEL019C	0
YEL020C	3
YEL020C-B	0
YEL020W-A	14
YEL021W	3
YEL022W	4
YEL023C	0
YEL024W	1
YEL025C	3
YEL026W	17
YEL027W	17
YEL028W	1
YEL029C	0
YEL030C-A	0
YEL030W	1
YEL031W	5
YEL032C-A	0
YEL032W	2
YEL033W	6
YEL034C-A	0
YEL034W	67
YEL035C	0
YEL036C	11
YEL037C	5
YEL038W	1
YEL039C	0
YEL040W	9
YEL041W	0
YEL042W	6
YEL043W	5
YEL044W	0
YEL045C	2
YEL046C	4
YEL047C	4
YEL048C	1
YEL049W	0
YEL050C	3
YEL050W-A	0
YEL051W	9
YEL052W	2
YEL053C	1
YEL053W-A	0
YEL054C	7
YEL055C	5
YEL056W	3
YEL057C	0
YEL058W	2
YEL059C-A	1
YEL059W	0
YEL060C	1
YEL061C	1
YEL062W	0
YEL063C	1
YEL064C	0
YEL065W	1
YEL066W	0
YEL067C	0
YEL068C	0
YEL069C	0
YEL070W	0
YEL071W	3
YEL072W	0
YEL073C	0
YEL074W	0
YEL075C	0
YEL075W-A	0
YEL076C	0
YEL076C-A	0
YEL077C	3
YEL077W-A	0
YER001W	3
YER002W	7
YER003C	5
YER004W	3
YER005W	4
YER006C-A	0
YER006W	7
YER007C-A	1
YER007W	2
YER008C	6
YER009W	6
YER010C	0
YER011W	0
YER012W	4
YER013W	1
YER014C-A	0
YER014W	1
YER015W	1
YER016W	1
YER017C	3
YER018C	0
YER019C-A	0
YER019W	4
YER020W	3
YER021W	4
YER022W	2
YER023C-A	0
YER023W	3
YER024W	0
YER025W	14
YER026C	2
YER027C	4
YER028C	0
YER029C	2
YER030W	12
YER031C	5
YER032W	1
YER033C	2
YER034W	1
YER035W	2
YER036C	20
YER037W	0
YER038C	0
YER038W-A	0
YER039C	0
YER039C-A	0
YER040W	1
YER041W	0
YER042W	1
YER043C	6
YER044C	2
YER044C-A	0
YER045C	0
YER046W	0
YER046W-A	0
YER047C	1
YER048C	7
YER048W-A	1
YER049W	2
YER050C	2
YER051W	1
YER052C	2
YER053C	0
YER053C-A	0
YER054C	0
YER055C	7
YER056C	1
YER056C-A	23
YER057C	1
YER058W	0
YER059W	0
YER060W	0
YER060W-A	0
YER061C	0
YER062C	3
YER063W	8
YER064C	2
YER065C	1
YER066C-A	0
YER066W	1
YER067C-A	0
YER067W	0
YER068C-A	0
YER068W	1
YER069W	0
YER070W	13
YER071C	0
YER072W	2
YER073W	4
YER074W	53
YER074W-A	2
YER075C	0
YER076C	0
YER076W-A	0
YER077C	2
YER078C	1
YER078W-A	0
YER079C-A	0
YER079W	2
YER080W	2
YER081W	1
YER082C	3
YER083C	4
YER084W	0
YER084W-A	0
YER085C	0
YER086W	5
YER087C-A	0
YER087C-B	1
YER087W	1
YER088C	0
YER088C-A	2
YER088W-B	0
YER089C	6
YER090C-A	0
YER090W	6
YER091C	6
YER091C-A	0
YER092W	1
YER093C	1
YER093C-A	1
YER094C	2
YER095W	5
YER096W	0
YER097W	1
YER098W	1
YER099C	2
YER100W	1
YER101C	0
YER102W	45
YER103W	1
YER104W	1
YER105C	2
YER106W	0
YER107C	0
YER107W-A	0
YER109C	0
YER110C	13
YER111C	2
YER112W	4
YER113C	3
YER114C	3
YER115C	0
YER116C	1
YER117W	8
YER118C	1
YER119C	2
YER119C-A	0
YER120W	3
YER121W	0
YER122C	12
YER123W	4
YER124C	5
YER125W	3
YER126C	5
YER127W	8
YER128W	0
YER129W	4
YER130C	2
YER131W	13
YER132C	3
YER133W	1
YER133W-A	0
YER134C	2
YER135C	0
YER136W	9
YER137C	1
YER137C-A	0
YER137W-A	0
YER138C	0
YER138W-A	0
YER139C	2
YER140W	0
YER141W	6
YER142C	1
YER143W	2
YER144C	2
YER145C	4
YER145C-A	0
YER146W	2
YER147C	0
YER147C-A	0
YER148W	0
YER148W-A	0
YER149C	2
YER150W	0
YER151C	7
YER152C	1
YER152W-A	0
YER153C	0
YER154W	2
YER155C	5
YER156C	3
YER157W	2
YER158C	2
YER158W-A	0
YER159C	3
YER159C-A	0
YER160C	0
YER161C	1
YER162C	0
YER163C	2
YER164W	4
YER165C-A	0
YER165W	16
YER166W	3
YER167W	0
YER168C	0
YER169W	1
YER170W	0
YER171W	4
YER172C	2
YER172C-A	0
YER173W	1
YER174C	0
YER175C	1
YER175W-A	0
YER176W	2
YER177W	19
YER178W	6
YER179W	0
YER180C	0
YER180C-A	0
YER181C	0
YER182W	2
YER183C	0
YER184C	1
YER185W	0
YER186C	0
YER187W	0
YER188C-A	0
YER188W	0
YER189W	0
YER190C-A	0
YER190C-B	0
YER190W	2
YFL001W	1
YFL002C	4
YFL002W-A	2
YFL002W-B	0
YFL003C	0
YFL004W	5
YFL005W	5
YFL007W	4
YFL008W	1
YFL009W	1
YFL010C	0
YFL010W-A	0
YFL011W	0
YFL012W	0
YFL012W-A	0
YFL013C	0
YFL013W-A	0
YFL014W	0
YFL015C	0
YFL015W-A	0
YFL016C	4
YFL017C	1
YFL017W-A	0
YFL018C	11
YFL019C	0
YFL020C	0
YFL021C-A	0
YFL021W	3
YFL022C	11
YFL023W	2
YFL024C	2
YFL025C	0
YFL026W	0
YFL027C	1
YFL028C	2
YFL029C	0
YFL030W	0
YFL031C-A	0
YFL031W	5
YFL032W	3
YFL033C	2
YFL034C-A	1
YFL034C-B	0
YFL034W	0
YFL036W	5
YFL037W	18
YFL038C	13
YFL039C	22
YFL040W	0
YFL041W	1
YFL041W-A	0
YFL042C	2
YFL044C	0
YFL045C	17
YFL046W	0
YFL047W	3
YFL048C	3
YFL049W	0
YFL050C	0
YFL051C	0
YFL052W	0
YFL053W	0
YFL054C	0
YFL055W	0
YFL056C	0
YFL057C	0
YFL058W	0
YFL059W	0
YFL060C	1
YFL061W	0
YFL062W	0
YFL063W	0
YFL064C	0
YFL065C	0
YFL066C	0
YFL067W	0
YFL068W	0
YFR001W	6
YFR002W	5
YFR003C	7
YFR004W	4
YFR005C	0
YFR006W	1
YFR007W	0
YFR008W	0
YFR009W	12
YFR009W-A	0
YFR010W	0
YFR010W-A	0
YFR011C	0
YFR012W	0
YFR012W-A	0
YFR013W	5
YFR014C	1
YFR015C	1
YFR016C	11
YFR017C	0
YFR018C	2
YFR019W	7
YFR020W	1
YFR021W	2
YFR022W	0
YFR023W	0
YFR024C-A	0
YFR025C	0
YFR026C	0
YFR027W	0
YFR028C	0
YFR029W	1
YFR030W	1
YFR031C	5
YFR031C-A	7
YFR032C	0
YFR032C-A	9
YFR032C-B	4
YFR033C	7
YFR034C	3
YFR034W-A	0
YFR035C	0
YFR036W	0
YFR036W-A	0
YFR037C	11
YFR038W	3
YFR039C	1
YFR040W	4
YFR041C	1
YFR042W	0
YFR043C	1
YFR044C	8
YFR045W	1
YFR046C	1
YFR047C	0
YFR048W	3
YFR049W	2
YFR050C	3
YFR051C	1
YFR052C-A	0
YFR052W	3
YFR053C	5
YFR054C	0
YFR055W	3
YFR056C	0
YFR057W	0
YGL001C	2
YGL002W	0
YGL003C	3
YGL004C	1
YGL005C	4
YGL006W	0
YGL006W-A	0
YGL007C-A	0
YGL007W	0
YGL008C	87
YGL009C	4
YGL010W	0
YGL011C	9
YGL012W	3
YGL013C	2
YGL014C-A	0
YGL014W	3
YGL015C	0
YGL016W	5
YGL017W	0
YGL018C	0
YGL019W	3
YGL020C	0
YGL021W	0
YGL022W	8
YGL023C	2
YGL024W	0
YGL025C	2
YGL026C	4
YGL027C	7
YGL028C	3
YGL029W	3
YGL030W	7
YGL031C	20
YGL032C	0
YGL033W	0
YGL034C	0
YGL035C	3
YGL036W	2
YGL037C	4
YGL038C	4
YGL039W	2
YGL040C	7
YGL041C	0
YGL041C-B	0
YGL041W-A	0
YGL042C	0
YGL043W	6
YGL044C	1
YGL045W	1
YGL047W	0
YGL048C	9
YGL049C	7
YGL050W	4
YGL051W	0
YGL052W	0
YGL053W	0
YGL054C	4
YGL055W	19
YGL056C	1
YGL057C	0
YGL058W	1
YGL059W	0
YGL060W	0
YGL061C	0
YGL062W	5
YGL063C-A	0
YGL063W	0
YGL064C	0
YGL065C	0
YGL066W	4
YGL067W	1
YGL068W	2
YGL069C	0
YGL070C	0
YGL071W	2
YGL072C	0
YGL073W	0
YGL074C	0
YGL075C	1
YGL076C	22
YGL077C	3
YGL078C	6
YGL079W	2
YGL080W	2
YGL081W	0
YGL082W	2
YGL083W	1
YGL084C	2
YGL085W	0
YGL086W	3
YGL087C	0
YGL088W	0
YGL089C	0
YGL090W	1
YGL091C	4
YGL092W	9
YGL093W	3
YGL094C	0
YGL095C	0
YGL096W	0
YGL097W	2
YGL098W	0
YGL099W	3
YGL100W	3
YGL101W	1
YGL102C	0
YGL103W	39
YGL104C	0
YGL105W	7
YGL106W	6
YGL107C	6
YGL108C	2
YGL109W	0
YGL110C	4
YGL111W	3
YGL112C	4
YGL113W	2
YGL114W	2
YGL115W	2
YGL116W	1
YGL117W	0
YGL118C	0
YGL119W	0
YGL120C	2
YGL121C	0
YGL122C	5
YGL123C-A	0
YGL123W	128
YGL124C	1
YGL125W	0
YGL126W	1
YGL127C	1
YGL128C	0
YGL129C	0
YGL130W	5
YGL131C	2
YGL132W	0
YGL133W	3
YGL134W	0
YGL135W	63
YGL136C	1
YGL137W	9
YGL138C	0
YGL139W	3
YGL140C	3
YGL141W	3
YGL142C	1
YGL143C	1
YGL144C	0
YGL145W	0
YGL146C	0
YGL147C	10
YGL148W	4
YGL149W	0
YGL150C	10
YGL151W	3
YGL152C	0
YGL153W	3
YGL154C	0
YGL155W	2
YGL156W	1
YGL157W	4
YGL158W	1
YGL159W	1
YGL160W	3
YGL161C	2
YGL162W	0
YGL163C	0
YGL164C	0
YGL165C	0
YGL166W	0
YGL167C	3
YGL168W	0
YGL169W	0
YGL170C	0
YGL171W	3
YGL172W	2
YGL173C	7
YGL174W	2
YGL175C	1
YGL176C	0
YGL177W	0
YGL178W	2
YGL179C	0
YGL180W	1
YGL181W	1
YGL182C	0
YGL183C	0
YGL184C	0
YGL185C	0
YGL186C	2
YGL187C	1
YGL188C	0
YGL188C-A	0
YGL189C	43
YGL190C	4
YGL191W	2
YGL192W	2
YGL193C	0
YGL194C	1
YGL194C-A	0
YGL195W	11
YGL196W	2
YGL197W	4
YGL198W	0
YGL199C	0
YGL200C	6
YGL201C	0
YGL202W	5
YGL203C	1
YGL204C	0
YGL205W	0
YGL206C	13
YGL207W	3
YGL208W	0
YGL209W	2
YGL210W	4
YGL211W	6
YGL212W	1
YGL213C	0
YGL214W	0
YGL215W	3
YGL216W	4
YGL217C	0
YGL218W	0
YGL219C	2
YGL220W	3
YGL221C	5
YGL222C	1
YGL223C	0
YGL224C	1
YGL225W	1
YGL226C-A	1
YGL226W	0
YGL227W	0
YGL228W	5
YGL229C	0
YGL230C	0
YGL231C	5
YGL232W	8
YGL233W	2
YGL234W	15
YGL235W	0
YGL236C	1
YGL237C	0
YGL238W	1
YGL239C	0
YGL240W	0
YGL241W	2
YGL242C	1
YGL243W	3
YGL244W	5
YGL245W	13
YGL246C	5
YGL247W	0
YGL248W	0
YGL249W	0
YGL250W	0
YGL251C	0
YGL252C	2
YGL253W	17
YGL254W	0
YGL255W	1
YGL256W	1
YGL257C	3
YGL258W	0
YGL258W-A	0
YGL259W	0
YGL260W	0
YGL261C	0
YGL262W	0
YGL263W	0
YGR001C	2
YGR002C	0
YGR003W	1
YGR004W	3
YGR005C	4
YGR006W	0
YGR007W	4
YGR008C	1
YGR009C	2
YGR010W	1
YGR011W	0
YGR012W	2
YGR013W	4
YGR014W	2
YGR015C	0
YGR016W	0
YGR017W	13
YGR018C	0
YGR019W	0
YGR020C	4
YGR021W	3
YGR022C	0
YGR023W	0
YGR024C	3
YGR025W	0
YGR026W	4
YGR027C	19
YGR027W-A	0
YGR027W-B	3
YGR028W	1
YGR029W	0
YGR030C	0
YGR031C-A	0
YGR031W	1
YGR032W	1
YGR033C	2
YGR034W	11
YGR035C	2
YGR035W-A	0
YGR036C	0
YGR037C	9
YGR038C-A	0
YGR038C-B	0
YGR038W	2
YGR039W	0
YGR040W	0
YGR041W	4
YGR042W	0
YGR043C	0
YGR044C	0
YGR045C	1
YGR046W	0
YGR047C	0
YGR048W	0
YGR049W	0
YGR050C	0
YGR051C	0
YGR052W	0
YGR053C	0
YGR054W	7
YGR055W	4
YGR056W	1
YGR057C	0
YGR058W	2
YGR059W	1
YGR060W	36
YGR061C	5
YGR062C	1
YGR063C	4
YGR064W	0
YGR065C	1
YGR066C	0
YGR067C	0
YGR068C	1
YGR068W-A	0
YGR069W	0
YGR070W	0
YGR071C	0
YGR072W	2
YGR073C	0
YGR074W	2
YGR075C	0
YGR076C	3
YGR077C	1
YGR078C	5
YGR079W	2
YGR080W	2
YGR081C	3
YGR082W	3
YGR083C	7
YGR084C	2
YGR085C	16
YGR086C	67
YGR087C	0
YGR088W	0
YGR089W	1
YGR090W	4
YGR091W	2
YGR092W	1
YGR093W	2
YGR094W	17
YGR095C	0
YGR096W	0
YGR097W	2
YGR098C	3
YGR099W	2
YGR100W	2
YGR101W	1
YGR102C	2
YGR103W	7
YGR104C	3
YGR105W	3
YGR106C	35
YGR107W	0
YGR108W	1
YGR109C	0
YGR109W-A	0
YGR109W-B	0
YGR110W	0
YGR111W	1
YGR112W	0
YGR113W	0
YGR114C	0
YGR115C	0
YGR116W	22
YGR117C	1
YGR118W	52
YGR119C	11
YGR120C	1
YGR121C	0
YGR121W-A	0
YGR122C-A	0
YGR122W	0
YGR123C	1
YGR124W	14
YGR125W	3
YGR126W	0
YGR127W	1
YGR128C	1
YGR129W	1
YGR130C	7
YGR131W	0
YGR132C	1
YGR133W	0
YGR134W	4
YGR135W	8
YGR136W	0
YGR137W	0
YGR138C	1
YGR139W	0
YGR140W	2
YGR141W	0
YGR142W	0
YGR143W	1
YGR144W	0
YGR145W	10
YGR146C	0
YGR146C-A	0
YGR147C	1
YGR148C	24
YGR149W	1
YGR150C	4
YGR151C	0
YGR152C	1
YGR153W	2
YGR154C	1
YGR155W	14
YGR156W	1
YGR157W	13
YGR158C	2
YGR159C	9
YGR160W	0
YGR161C	1
YGR161C-C	0
YGR161C-D	0
YGR161W-A	1
YGR161W-B	3
YGR161W-C	1
YGR162W	18
YGR163W	1
YGR164W	0
YGR165W	7
YGR166W	1
YGR167W	14
YGR168C	0
YGR169C	3
YGR169C-A	0
YGR170W	5
YGR171C	0
YGR172C	0
YGR173W	3
YGR174C	0
YGR174W-A	0
YGR175C	6
YGR176W	0
YGR177C	1
YGR178C	5
YGR179C	1
YGR180C	13
YGR181W	2
YGR182C	0
YGR183C	0
YGR184C	2
YGR185C	9
YGR186W	9
YGR187C	4
YGR188C	2
YGR189C	1
YGR190C	0
YGR191W	5
YGR192C	169
YGR193C	4
YGR194C	1
YGR195W	1
YGR196C	2
YGR197C	0
YGR198W	2
YGR199W	3
YGR200C	4
YGR201C	0
YGR202C	3
YGR203W	0
YGR204C-A	0
YGR204W	13
YGR205W	3
YGR206W	0
YGR207C	2
YGR208W	2
YGR209C	2
YGR210C	2
YGR211W	4
YGR212W	1
YGR213C	0
YGR214W	43
YGR215W	6
YGR216C	1
YGR217W	1
YGR218W	5
YGR219W	0
YGR220C	0
YGR221C	0
YGR222W	0
YGR223C	1
YGR224W	0
YGR225W	0
YGR226C	0
YGR227W	1
YGR228W	0
YGR229C	10
YGR230W	2
YGR231C	3
YGR232W	0
YGR233C	1
YGR234W	5
YGR235C	2
YGR236C	0
YGR237C	3
YGR238C	2
YGR239C	1
YGR240C	25
YGR240C-A	0
YGR241C	1
YGR242W	0
YGR243W	0
YGR244C	3
YGR245C	13
YGR246C	6
YGR247W	0
YGR248W	1
YGR249W	0
YGR250C	2
YGR251W	1
YGR252W	2
YGR253C	8
YGR254W	64
YGR255C	1
YGR256W	0
YGR257C	0
YGR258C	1
YGR259C	0
YGR260W	3
YGR261C	0
YGR262C	0
YGR263C	0
YGR264C	6
YGR265W	0
YGR266W	0
YGR267C	1
YGR268C	1
YGR269W	0
YGR270C-A	0
YGR270W	6
YGR271C-A	0
YGR271W	1
YGR272C	3
YGR273C	0
YGR274C	3
YGR275W	3
YGR276C	4
YGR277C	0
YGR278W	2
YGR279C	7
YGR280C	3
YGR281W	10
YGR282C	11
YGR283C	2
YGR284C	1
YGR285C	14
YGR286C	1
YGR287C	1
YGR288W	0
YGR289C	0
YGR290W	0
YGR291C	0
YGR292W	0
YGR293C	0
YGR294W	0
YGR295C	1
YGR296C-A	0
YGR296C-B	0
YGR296W	1
YHL001W	5
YHL002C-A	0
YHL002W	1
YHL003C	4
YHL004W	5
YHL005C	0
YHL006C	0
YHL006W-A	0
YHL007C	8
YHL008C	1
YHL009C	2
YHL009W-A	0
YHL009W-B	1
YHL010C	0
YHL011C	8
YHL012W	0
YHL013C	3
YHL014C	2
YHL015W	118
YHL015W-A	0
YHL016C	0
YHL017W	2
YHL018W	0
YHL019C	1
YHL019W-A	0
YHL020C	2
YHL021C	1
YHL022C	0
YHL023C	0
YHL024W	0
YHL025W	0
YHL026C	1
YHL027W	4
YHL028W	2
YHL029C	2
YHL030W	1
YHL030W-A	0
YHL031C	2
YHL032C	2
YHL033C	10
YHL034C	5
YHL034W-A	0
YHL035C	2
YHL036W	0
YHL037C	0
YHL038C	2
YHL039W	1
YHL040C	1
YHL041W	0
YHL042W	0
YHL043W	0
YHL044W	0
YHL045W	0
YHL046C	0
YHL046W-A	0
YHL047C	0
YHL048C-A	0
YHL048W	0
YHL049C	0
YHL050C	0
YHL050W-A	0
YHR001W	0
YHR001W-A	1
YHR002W	1
YHR003C	0
YHR004C	0
YHR005C	0
YHR005C-A	6
YHR006W	1
YHR007C	15
YHR007C-A	1
YHR008C	3
YHR009C	2
YHR010W	18
YHR011W	2
YHR012W	0
YHR013C	3
YHR014W	0
YHR015W	0
YHR016C	1
YHR017W	1
YHR018C	0
YHR019C	15
YHR020W	12
YHR021C	5
YHR021W-A	0
YHR022C	0
YHR022C-A	0
YHR023W	13
YHR024C	6
YHR025W	0
YHR026W	1
YHR027C	5
YHR028C	5
YHR028W-A	0
YHR029C	0
YHR030C	2
YHR031C	0
YHR032C-A	0
YHR032W	1
YHR032W-A	0
YHR033W	0
YHR034C	1
YHR035W	0
YHR036W	0
YHR037W	1
YHR038W	0
YHR039C	2
YHR039C-A	10
YHR040W	2
YHR041C	1
YHR042W	8
YHR043C	1
YHR044C	0
YHR045W	1
YHR046C	0
YHR047C	6
YHR048W	1
YHR049C-A	0
YHR049W	3
YHR050W	4
YHR050W-A	1
YHR051W	4
YHR052W	7
YHR052W-A	0
YHR053C	2
YHR054C	1
YHR054W-A	0
YHR055C	0
YHR056C	2
YHR056W-A	0
YHR057C	2
YHR058C	1
YHR059W	1
YHR060W	5
YHR061C	4
YHR062C	0
YHR063C	2
YHR063W-A	0
YHR064C	17
YHR065C	4
YHR066W	4
YHR067W	1
YHR068W	6
YHR069C	0
YHR069C-A	0
YHR070C-A	0
YHR070W	0
YHR071C-A	0
YHR071W	1
YHR072W	1
YHR072W-A	7
YHR073C-B	0
YHR073W	0
YHR073W-A	0
YHR074W	2
YHR075C	0
YHR076W	2
YHR077C	7
YHR078W	0
YHR079C	2
YHR079C-A	0
YHR080C	0
YHR081W	1
YHR082C	2
YHR083W	3
YHR084W	1
YHR085W	3
YHR086W	0
YHR086W-A	0
YHR087W	0
YHR088W	3
YHR089C	1
YHR090C	2
YHR091C	1
YHR092C	2
YHR093W	0
YHR094C	2
YHR095W	0
YHR096C	0
YHR097C	1
YHR098C	7
YHR099W	7
YHR100C	1
YHR101C	0
YHR102W	3
YHR103W	4
YHR104W	6
YHR105W	0
YHR106W	0
YHR107C	5
YHR108W	1
YHR109W	0
YHR110W	0
YHR111W	0
YHR112C	1
YHR113W	0
YHR114W	3
YHR115C	5
YHR116W	2
YHR117W	4
YHR118C	2
YHR119W	2
YHR120W	0
YHR121W	2
YHR122W	0
YHR123W	4
YHR124W	0
YHR125W	0
YHR126C	0
YHR127W	3
YHR128W	4
YHR129C	0
YHR130C	0
YHR131C	4
YHR131W-A	0
YHR132C	4
YHR132W-A	0
YHR133C	2
YHR134W	1
YHR135C	10
YHR136C	0
YHR137C-A	0
YHR137W	0
YHR138C	2
YHR139C	1
YHR139C-A	0
YHR140W	0
YHR141C	4
YHR142W	2
YHR143W	0
YHR143W-A	4
YHR144C	0
YHR145C	0
YHR146W	3
YHR147C	1
YHR148W	1
YHR149C	4
YHR150W	1
YHR151C	0
YHR152W	5
YHR153C	0
YHR154W	2
YHR155W	3
YHR156C	0
YHR157W	0
YHR158C	4
YHR159W	2
YHR160C	0
YHR161C	4
YHR162W	0
YHR163W	2
YHR164C	0
YHR165C	1
YHR165W-A	0
YHR166C	1
YHR167W	0
YHR168W	0
YHR169W	5
YHR170W	11
YHR171W	0
YHR172W	0
YHR173C	0
YHR174W	152
YHR175W	0
YHR175W-A	1
YHR176W	1
YHR177W	0
YHR178W	0
YHR179W	14
YHR180C-B	0
YHR180W	0
YHR180W-A	0
YHR181W	3
YHR182C-A	0
YHR182W	1
YHR183W	4
YHR184W	0
YHR185C	0
YHR186C	0
YHR187W	3
YHR188C	2
YHR189W	0
YHR190W	3
YHR191C	0
YHR192W	1
YHR193C	2
YHR193C-A	0
YHR194W	0
YHR195W	0
YHR196W	5
YHR197W	0
YHR198C	0
YHR199C	0
YHR199C-A	0
YHR200W	9
YHR201C	3
YHR202W	2
YHR203C	26
YHR204W	2
YHR205W	9
YHR206W	0
YHR207C	3
YHR208W	6
YHR209W	0
YHR210C	0
YHR211W	0
YHR212C	0
YHR212W-A	0
YHR213W	0
YHR213W-A	0
YHR213W-B	0
YHR214C-B	0
YHR214C-C	0
YHR214C-D	0
YHR214C-E	0
YHR214W	2
YHR214W-A	1
YHR215W	1
YHR216W	1
YHR217C	0
YHR218W	0
YHR218W-A	0
YHR219C-A	0
YHR219W	0
YIL001W	0
YIL002C	2
YIL002W-A	7
YIL003W	0
YIL004C	0
YIL005W	2
YIL006W	0
YIL007C	1
YIL008W	6
YIL009C-A	0
YIL009W	5
YIL010W	2
YIL011W	0
YIL012W	0
YIL013C	0
YIL014C-A	0
YIL014W	2
YIL015W	1
YIL016W	6
YIL017C	0
YIL018W	20
YIL019W	3
YIL020C	4
YIL020C-A	0
YIL021C-A	0
YIL021W	3
YIL022W	6
YIL023C	0
YIL024C	1
YIL025C	0
YIL026C	2
YIL027C	0
YIL028W	0
YIL029C	0
YIL029W-A	0
YIL030C	8
YIL030W-A	0
YIL031W	0
YIL032C	0
YIL033C	2
YIL034C	4
YIL035C	1
YIL036W	4
YIL037C	0
YIL038C	7
YIL039W	1
YIL040W	2
YIL041W	3
YIL042C	0
YIL043C	5
YIL044C	2
YIL045W	0
YIL046W	2
YIL046W-A	0
YIL047C	4
YIL047C-A	0
YIL048W	2
YIL049W	0
YIL050W	0
YIL051C	10
YIL052C	36
YIL053W	14
YIL054W	0
YIL055C	0
YIL056W	1
YIL057C	0
YIL058W	0
YIL059C	0
YIL060W	0
YIL061C	0
YIL062C	4
YIL063C	4
YIL064W	3
YIL065C	4
YIL066C	0
YIL066W-A	0
YIL067C	3
YIL068C	3
YIL068W-A	0
YIL069C	14
YIL070C	6
YIL071C	0
YIL071W-A	0
YIL072W	0
YIL073C	0
YIL074C	2
YIL075C	10
YIL076W	1
YIL077C	0
YIL078W	12
YIL079C	5
YIL080W	0
YIL082W	0
YIL082W-A	0
YIL083C	2
YIL084C	1
YIL085C	2
YIL086C	0
YIL087C	0
YIL088C	1
YIL089W	0
YIL090W	2
YIL091C	5
YIL092W	1
YIL093C	6
YIL094C	8
YIL095W	3
YIL096C	2
YIL097W	0
YIL098C	2
YIL099W	0
YIL100C-A	0
YIL100W	0
YIL101C	0
YIL102C	0
YIL102C-A	0
YIL103W	0
YIL104C	4
YIL105C	0
YIL105W-A	0
YIL106W	1
YIL107C	2
YIL108W	0
YIL109C	3
YIL110W	1
YIL111W	1
YIL112W	4
YIL113W	0
YIL114C	0
YIL115C	8
YIL115W-A	0
YIL116W	4
YIL117C	0
YIL118W	3
YIL119C	0
YIL120W	0
YIL121W	0
YIL122W	1
YIL123W	1
YIL124W	4
YIL125W	6
YIL126W	14
YIL127C	8
YIL128W	2
YIL129C	3
YIL130W	0
YIL131C	3
YIL132C	0
YIL133C	17
YIL134C-A	0
YIL134W	0
YIL135C	0
YIL136W	0
YIL137C	4
YIL138C	11
YIL139C	0
YIL140W	0
YIL141W	0
YIL142C-A	0
YIL142W	10
YIL143C	2
YIL144W	1
YIL145C	2
YIL146C	0
YIL147C	6
YIL148W	95
YIL149C	7
YIL150C	1
YIL151C	4
YIL152W	0
YIL153W	1
YIL154C	0
YIL155C	0
YIL156W	1
YIL156W-A	0
YIL156W-B	1
YIL157C	6
YIL158W	2
YIL159W	1
YIL160C	0
YIL161W	1
YIL162W	0
YIL163C	0
YIL164C	0
YIL165C	0
YIL166C	0
YIL167W	0
YIL168W	0
YIL169C	13
YIL170W	0
YIL171W	0
YIL171W-A	0
YIL172C	1
YIL173W	0
YIL174W	0
YIL175W	0
YIL176C	0
YIL177C	3
YIL177W-A	0
YIR001C	0
YIR002C	0
YIR003W	4
YIR004W	10
YIR005W	0
YIR006C	7
YIR007W	0
YIR008C	4
YIR009W	1
YIR010W	2
YIR011C	7
YIR012W	4
YIR013C	0
YIR014W	0
YIR015W	0
YIR016W	0
YIR017C	0
YIR017W-A	0
YIR018C-A	0
YIR018W	1
YIR019C	0
YIR020C	0
YIR020C-B	0
YIR020W-A	0
YIR021W	0
YIR021W-A	1
YIR022W	2
YIR023C-A	0
YIR023W	1
YIR024C	6
YIR025W	1
YIR026C	7
YIR027C	0
YIR028W	0
YIR029W	0
YIR030C	0
YIR030W-A	0
YIR031C	0
YIR032C	0
YIR033W	1
YIR034C	3
YIR035C	0
YIR036C	0
YIR036W-A	0
YIR037W	2
YIR038C	1
YIR039C	0
YIR040C	0
YIR041W	0
YIR042C	0
YIR043C	1
YIR044C	0
YJL001W	0
YJL002C	6
YJL003W	0
YJL004C	2
YJL005W	3
YJL006C	0
YJL007C	0
YJL008C	6
YJL009W	0
YJL010C	4
YJL011C	1
YJL012C	9
YJL013C	5
YJL014W	5
YJL015C	0
YJL016W	1
YJL019W	1
YJL020C	5
YJL020W-A	0
YJL022W	0
YJL023C	0
YJL024C	0
YJL025W	1
YJL026C-A	0
YJL026W	12
YJL027C	0
YJL028W	0
YJL029C	2
YJL030W	2
YJL031C	0
YJL032W	0
YJL033W	4
YJL034W	24
YJL035C	0
YJL036W	2
YJL037W	0
YJL038C	0
YJL039C	1
YJL041W	3
YJL042W	1
YJL043W	0
YJL044C	2
YJL045W	0
YJL046W	1
YJL047C	2
YJL047C-A	0
YJL048C	0
YJL049W	2
YJL050W	7
YJL051W	1
YJL052C-A	0
YJL052W	28
YJL053W	2
YJL054W	2
YJL055W	3
YJL056C	0
YJL057C	0
YJL058C	1
YJL059W	0
YJL060W	3
YJL061W	2
YJL062W	0
YJL062W-A	1
YJL063C	5
YJL064W	0
YJL065C	2
YJL066C	0
YJL067W	0
YJL068C	2
YJL069C	8
YJL070C	1
YJL071W	0
YJL072C	1
YJL073W	1
YJL074C	2
YJL075C	0
YJL076W	8
YJL077C	0
YJL077W-A	1
YJL077W-B	0
YJL078C	4
YJL079C	0
YJL080C	10
YJL081C	5
YJL082W	2
YJL083W	0
YJL084C	2
YJL085W	1
YJL086C	0
YJL087C	1
YJL088W	0
YJL089W	0
YJL090C	0
YJL091C	0
YJL092W	2
YJL093C	1
YJL094C	2
YJL095W	1
YJL096W	0
YJL097W	0
YJL098W	3
YJL099W	0
YJL100W	1
YJL101C	5
YJL102W	1
YJL103C	0
YJL104W	5
YJL105W	0
YJL106W	0
YJL107C	1
YJL108C	0
YJL109C	8
YJL110C	2
YJL111W	14
YJL112W	1
YJL113W	1
YJL114W	0
YJL115W	4
YJL116C	0
YJL117W	1
YJL118W	1
YJL119C	0
YJL120W	0
YJL121C	2
YJL122W	3
YJL123C	5
YJL124C	2
YJL125C	7
YJL126W	0
YJL127C	4
YJL127C-B	0
YJL127W-A	0
YJL128C	4
YJL129C	3
YJL130C	8
YJL131C	3
YJL132W	1
YJL133C-A	0
YJL133W	1
YJL134W	0
YJL135W	0
YJL136C	3
YJL136W-A	0
YJL137C	0
YJL138C	6
YJL139C	0
YJL140W	14
YJL141C	1
YJL142C	0
YJL143W	1
YJL144W	0
YJL145W	5
YJL146W	0
YJL147C	0
YJL148W	2
YJL149W	0
YJL150W	0
YJL151C	2
YJL152W	0
YJL153C	1
YJL154C	1
YJL155C	1
YJL156C	2
YJL156W-A	0
YJL157C	0
YJL158C	6
YJL159W	14
YJL160C	0
YJL161W	0
YJL162C	0
YJL163C	1
YJL164C	2
YJL165C	2
YJL166W	1
YJL167W	30
YJL168C	3
YJL169W	0
YJL170C	0
YJL171C	0
YJL172W	2
YJL173C	3
YJL174W	2
YJL175W	0
YJL176C	6
YJL177W	7
YJL178C	3
YJL179W	2
YJL180C	2
YJL181W	0
YJL182C	0
YJL183W	2
YJL184W	2
YJL185C	0
YJL186W	1
YJL187C	3
YJL188C	0
YJL189W	59
YJL190C	22
YJL191W	3
YJL192C	5
YJL193W	1
YJL194W	0
YJL195C	0
YJL196C	1
YJL197C-A	0
YJL197W	6
YJL198W	8
YJL199C	0
YJL200C	8
YJL201W	0
YJL202C	0
YJL203W	1
YJL204C	0
YJL205C	0
YJL206C	1
YJL207C	4
YJL208C	1
YJL209W	5
YJL210W	0
YJL211C	0
YJL212C	1
YJL213W	1
YJL214W	0
YJL215C	0
YJL216C	0
YJL217W	0
YJL218W	0
YJL219W	0
YJL220W	0
YJL221C	0
YJL222W	4
YJL222W-A	0
YJL222W-B	0
YJL223C	0
YJL225C	6
YJL225W-A	0
YJR001W	1
YJR002W	5
YJR003C	1
YJR004C	0
YJR005C-A	0
YJR005W	2
YJR006W	0
YJR007W	4
YJR008W	0
YJR009C	55
YJR010C-A	0
YJR010W	1
YJR011C	2
YJR012C	0
YJR013W	0
YJR014W	8
YJR015W	7
YJR016C	5
YJR017C	0
YJR018W	0
YJR019C	0
YJR020W	0
YJR021C	1
YJR022W	0
YJR023C	0
YJR024C	1
YJR025C	0
YJR026W	0
YJR027W	2
YJR028W	0
YJR029W	1
YJR030C	0
YJR031C	1
YJR032W	2
YJR033C	0
YJR034W	2
YJR035W	2
YJR036C	0
YJR037W	0
YJR038C	0
YJR039W	0
YJR040W	0
YJR041C	1
YJR042W	0
YJR043C	4
YJR044C	1
YJR045C	28
YJR046W	2
YJR047C	6
YJR048W	1
YJR049C	2
YJR050W	2
YJR051W	0
YJR052W	2
YJR053W	1
YJR054W	1
YJR055W	0
YJR056C	3
YJR057W	3
YJR058C	2
YJR059W	2
YJR060W	3
YJR061W	0
YJR062C	0
YJR063W	1
YJR064W	8
YJR065C	1
YJR066W	5
YJR067C	2
YJR068W	3
YJR069C	4
YJR070C	2
YJR071W	0
YJR072C	3
YJR073C	0
YJR074W	1
YJR075W	2
YJR076C	4
YJR077C	1
YJR078W	1
YJR079W	0
YJR080C	2
YJR082C	1
YJR083C	0
YJR084W	0
YJR085C	0
YJR086W	0
YJR087W	0
YJR088C	1
YJR089W	2
YJR090C	1
YJR091C	1
YJR092W	2
YJR093C	3
YJR094C	0
YJR094W-A	24
YJR095W	0
YJR096W	0
YJR097W	0
YJR098C	0
YJR099W	1
YJR100C	1
YJR101W	0
YJR102C	2
YJR103W	0
YJR104C	8
YJR105W	8
YJR106W	1
YJR107W	1
YJR108W	0
YJR109C	1
YJR110W	0
YJR111C	1
YJR112W	1
YJR112W-A	0
YJR113C	2
YJR114W	0
YJR115W	0
YJR116W	0
YJR117W	2
YJR118C	4
YJR119C	0
YJR120W	0
YJR121W	12
YJR122W	1
YJR123W	124
YJR124C	1
YJR125C	5
YJR126C	2
YJR127C	0
YJR128W	0
YJR129C	0
YJR130C	1
YJR131W	2
YJR132W	5
YJR133W	6
YJR134C	7
YJR135C	1
YJR135W-A	1
YJR136C	0
YJR137C	2
YJR138W	3
YJR139C	9
YJR140C	3
YJR140W-A	0
YJR141W	0
YJR142W	0
YJR143C	10
YJR144W	0
YJR145C	16
YJR146W	0
YJR147W	1
YJR148W	5
YJR149W	0
YJR150C	0
YJR151C	0
YJR151W-A	0
YJR152W	0
YJR153W	0
YJR154W	0
YJR155W	0
YJR156C	0
YJR157W	0
YJR158W	0
YJR159W	0
YJR160C	0
YJR161C	1
YJR162C	0
YKL001C	1
YKL002W	2
YKL003C	0
YKL004W	4
YKL005C	1
YKL006C-A	0
YKL006W	11
YKL007W	2
YKL008C	1
YKL009W	6
YKL010C	5
YKL011C	0
YKL012W	4
YKL013C	4
YKL014C	8
YKL015W	2
YKL016C	8
YKL017C	3
YKL018C-A	7
YKL018W	0
YKL019W	3
YKL020C	4
YKL021C	7
YKL022C	3
YKL023C-A	2
YKL023W	9
YKL024C	3
YKL025C	1
YKL026C	0
YKL027W	1
YKL028W	6
YKL029C	8
YKL030W	0
YKL031W	0
YKL032C	7
YKL033W	0
YKL033W-A	1
YKL034W	0
YKL035W	3
YKL036C	0
YKL037W	0
YKL038W	1
YKL039W	5
YKL040C	1
YKL041W	6
YKL042W	0
YKL043W	0
YKL044W	0
YKL045W	0
YKL046C	6
YKL047W	0
YKL048C	1
YKL049C	1
YKL050C	1
YKL051W	1
YKL052C	1
YKL053C-A	0
YKL053W	0
YKL054C	24
YKL055C	0
YKL056C	23
YKL057C	2
YKL058W	3
YKL059C	0
YKL060C	131
YKL061W	0
YKL062W	0
YKL063C	5
YKL064W	6
YKL065C	6
YKL065W-A	0
YKL066W	0
YKL067W	4
YKL068W	2
YKL068W-A	1
YKL069W	0
YKL070W	0
YKL071W	0
YKL072W	1
YKL073W	6
YKL074C	3
YKL075C	0
YKL076C	0
YKL077W	2
YKL078W	2
YKL079W	0
YKL080W	5
YKL081W	24
YKL082C	10
YKL083W	0
YKL084W	1
YKL085W	1
YKL086W	0
YKL087C	5
YKL088W	0
YKL089W	0
YKL090W	1
YKL091C	1
YKL092C	2
YKL093W	0
YKL094W	3
YKL095W	0
YKL096C-B	0
YKL096W	3
YKL096W-A	11
YKL097C	0
YKL098W	0
YKL099C	3
YKL100C	3
YKL100W-A	0
YKL101W	6
YKL102C	0
YKL103C	1
YKL104C	3
YKL105C	4
YKL106C-A	0
YKL106W	0
YKL107W	0
YKL108W	1
YKL109W	2
YKL110C	0
YKL111C	0
YKL112W	10
YKL113C	5
YKL114C	2
YKL115C	0
YKL116C	1
YKL117W	13
YKL118W	0
YKL119C	3
YKL120W	0
YKL121W	1
YKL122C	1
YKL123W	0
YKL124W	0
YKL125W	3
YKL126W	5
YKL127W	0
YKL128C	0
YKL129C	2
YKL130C	2
YKL131W	0
YKL132C	1
YKL133C	0
YKL134C	1
YKL135C	3
YKL136W	0
YKL137W	1
YKL138C	3
YKL138C-A	0
YKL139W	0
YKL140W	2
YKL141W	3
YKL142W	0
YKL143W	5
YKL144C	0
YKL145W	8
YKL145W-A	0
YKL146W	1
YKL147C	0
YKL148C	2
YKL149C	1
YKL150W	2
YKL151C	2
YKL152C	80
YKL153W	0
YKL154W	0
YKL155C	4
YKL156C-A	0
YKL156W	5
YKL157W	2
YKL159C	0
YKL160W	4
YKL161C	1
YKL162C	0
YKL162C-A	0
YKL163W	0
YKL164C	6
YKL165C	2
YKL165C-A	0
YKL166C	1
YKL167C	1
YKL168C	0
YKL169C	0
YKL170W	3
YKL171W	0
YKL172W	17
YKL173W	5
YKL174C	1
YKL175W	2
YKL176C	4
YKL177W	0
YKL178C	1
YKL179C	4
YKL180W	22
YKL181W	9
YKL182W	41
YKL183C-A	0
YKL183W	0
YKL184W	1
YKL185W	2
YKL186C	1
YKL187C	0
YKL188C	0
YKL189W	1
YKL190W	7
YKL191W	2
YKL192C	3
YKL193C	2
YKL194C	1
YKL195W	17
YKL196C	6
YKL197C	0
YKL198C	0
YKL201C	3
YKL202W	0
YKL203C	2
YKL204W	5
YKL205W	0
YKL206C	4
YKL207W	0
YKL208W	1
YKL209C	1
YKL210W	10
YKL211C	5
YKL212W	0
YKL213C	1
YKL214C	1
YKL215C	2
YKL216W	4
YKL217W	0
YKL218C	0
YKL219W	0
YKL220C	0
YKL221W	0
YKL222C	1
YKL223W	0
YKL224C	0
YKL225W	0
YKR001C	8
YKR002W	3
YKR003W	4
YKR004C	0
YKR005C	0
YKR006C	1
YKR007W	1
YKR008W	2
YKR009C	0
YKR010C	3
YKR011C	1
YKR012C	0
YKR013W	4
YKR014C	5
YKR015C	0
YKR016W	7
YKR017C	0
YKR018C	7
YKR019C	1
YKR020W	0
YKR021W	1
YKR022C	1
YKR023W	2
YKR024C	0
YKR025W	2
YKR026C	1
YKR027W	0
YKR028W	7
YKR029C	0
YKR030W	1
YKR031C	3
YKR032W	0
YKR033C	0
YKR034W	0
YKR035C	0
YKR035W-A	3
YKR036C	0
YKR037C	3
YKR038C	1
YKR039W	0
YKR040C	0
YKR041W	0
YKR042W	9
YKR043C	0
YKR044W	0
YKR045C	1
YKR046C	2
YKR047W	0
YKR048C	8
YKR049C	1
YKR050W	2
YKR051W	0
YKR052C	0
YKR053C	0
YKR054C	3
YKR055W	0
YKR056W	3
YKR057W	1
YKR058W	1
YKR059W	38
YKR060W	1
YKR061W	0
YKR062W	2
YKR063C	2
YKR064W	2
YKR065C	1
YKR066C	1
YKR067W	1
YKR068C	3
YKR069W	0
YKR070W	1
YKR071C	1
YKR072C	3
YKR073C	0
YKR074W	1
YKR075C	0
YKR075W-A	0
YKR076W	1
YKR077W	1
YKR078W	0
YKR079C	2
YKR080W	4
YKR081C	14
YKR082W	2
YKR083C	2
YKR084C	7
YKR085C	2
YKR086W	2
YKR087C	0
YKR088C	0
YKR089C	5
YKR090W	4
YKR091W	0
YKR092C	3
YKR093W	5
YKR094C	34
YKR095W	8
YKR095W-A	0
YKR096W	3
YKR097W	0
YKR098C	1
YKR099W	2
YKR100C	1
YKR101W	1
YKR102W	0
YKR103W	1
YKR104W	1
YKR105C	0
YKR106W	0
YLL001W	3
YLL002W	0
YLL003W	1
YLL004W	2
YLL005C	0
YLL006W	1
YLL006W-A	0
YLL007C	0
YLL008W	17
YLL009C	2
YLL010C	3
YLL011W	5
YLL012W	4
YLL013C	4
YLL014W	2
YLL015W	3
YLL016W	0
YLL017W	0
YLL018C	6
YLL018C-A	0
YLL019C	1
YLL019W-A	0
YLL020C	0
YLL021W	10
YLL022C	0
YLL023C	0
YLL024C	35
YLL025W	1
YLL026W	16
YLL027W	2
YLL028W	3
YLL029W	7
YLL030C	0
YLL031C	3
YLL032C	1
YLL033W	0
YLL034C	5
YLL035W	0
YLL036C	3
YLL037W	0
YLL038C	0
YLL039C	11
YLL040C	4
YLL041C	5
YLL042C	0
YLL043W	2
YLL044W	0
YLL045C	33
YLL046C	0
YLL047W	0
YLL048C	9
YLL049W	0
YLL050C	6
YLL051C	0
YLL052C	0
YLL053C	0
YLL054C	1
YLL055W	0
YLL056C	0
YLL057C	0
YLL058W	0
YLL059C	0
YLL060C	0
YLL061W	1
YLL062C	1
YLL063C	0
YLL064C	0
YLL065W	0
YLL066C	0
YLL066W-A	0
YLL066W-B	0
YLL067C	0
YLL067W-A	0
YLR001C	0
YLR002C	4
YLR003C	2
YLR004C	0
YLR005W	0
YLR006C	0
YLR007W	0
YLR008C	2
YLR009W	12
YLR010C	0
YLR011W	0
YLR012C	0
YLR013W	0
YLR014C	1
YLR015W	2
YLR016C	4
YLR017W	0
YLR018C	3
YLR019W	1
YLR020C	0
YLR021W	1
YLR022C	0
YLR023C	3
YLR024C	0
YLR025W	6
YLR026C	1
YLR027C	4
YLR028C	4
YLR029C	83
YLR030W	0
YLR031W	0
YLR032W	4
YLR033W	7
YLR034C	1
YLR035C	0
YLR035C-A	0
YLR036C	0
YLR037C	0
YLR038C	1
YLR039C	2
YLR040C	0
YLR041W	0
YLR042C	0
YLR043C	5
YLR044C	114
YLR045C	6
YLR046C	0
YLR047C	0
YLR048W	57
YLR049C	2
YLR050C	0
YLR051C	4
YLR052W	10
YLR053C	0
YLR054C	0
YLR055C	0
YLR056W	6
YLR057W	0
YLR058C	7
YLR059C	2
YLR060W	14
YLR061W	23
YLR062C	0
YLR063W	2
YLR064W	1
YLR065C	1
YLR066W	3
YLR067C	0
YLR068W	2
YLR069C	6
YLR070C	0
YLR071C	1
YLR072W	3
YLR073C	1
YLR074C	2
YLR075W	22
YLR076C	0
YLR077W	1
YLR078C	1
YLR079W	0
YLR080W	0
YLR081W	0
YLR082C	1
YLR083C	2
YLR084C	1
YLR085C	1
YLR086W	4
YLR087C	0
YLR088W	3
YLR089C	8
YLR090W	2
YLR091W	0
YLR092W	0
YLR093C	2
YLR094C	3
YLR095C	8
YLR096W	0
YLR097C	0
YLR098C	0
YLR099C	3
YLR099W-A	0
YLR100W	4
YLR101C	0
YLR102C	3
YLR103C	2
YLR104W	0
YLR105C	2
YLR106C	15
YLR107W	0
YLR108C	0
YLR109W	25
YLR110C	96
YLR111W	0
YLR112W	0
YLR113W	2
YLR114C	5
YLR115W	2
YLR116W	2
YLR117C	4
YLR118C	1
YLR119W	0
YLR120C	1
YLR120W-A	0
YLR121C	0
YLR122C	0
YLR123C	0
YLR124W	0
YLR125W	0
YLR126C	0
YLR127C	1
YLR128W	0
YLR129W	8
YLR130C	1
YLR131C	3
YLR132C	0
YLR133W	1
YLR134W	3
YLR135W	0
YLR136C	0
YLR137W	1
YLR138W	9
YLR139C	1
YLR140W	0
YLR141W	0
YLR142W	0
YLR143W	0
YLR144C	1
YLR145W	2
YLR146C	0
YLR146W-A	1
YLR147C	1
YLR148W	1
YLR149C	0
YLR149C-A	0
YLR150W	74
YLR151C	1
YLR152C	1
YLR153C	4
YLR154C	0
YLR154C-G	0
YLR154C-H	0
YLR154W-A	0
YLR154W-B	0
YLR154W-C	0
YLR154W-E	0
YLR154W-F	0
YLR155C	3
YLR156C-A	0
YLR156W	0
YLR157C	0
YLR157C-A	0
YLR157C-B	1
YLR157C-C	0
YLR157W-D	0
YLR157W-E	0
YLR158C	0
YLR159C-A	0
YLR159W	0
YLR160C	0
YLR161W	0
YLR162W	0
YLR162W-A	0
YLR163C	4
YLR163W-A	0
YLR164W	0
YLR165C	0
YLR166C	1
YLR167W	147
YLR168C	1
YLR169W	0
YLR170C	2
YLR171W	0
YLR172C	3
YLR173W	1
YLR174W	1
YLR175W	15
YLR176C	1
YLR177W	0
YLR178C	0
YLR179C	4
YLR180W	4
YLR181C	1
YLR182W	2
YLR183C	3
YLR184W	0
YLR185W	53
YLR186W	3
YLR187W	0
YLR188W	1
YLR189C	1
YLR190W	5
YLR191W	0
YLR192C	8
YLR193C	1
YLR194C	3
YLR195C	1
YLR196W	7
YLR197W	13
YLR198C	0
YLR199C	2
YLR200W	8
YLR201C	0
YLR202C	0
YLR203C	1
YLR204W	6
YLR205C	1
YLR206W	9
YLR207W	2
YLR208W	1
YLR209C	2
YLR210W	0
YLR211C	0
YLR212C	1
YLR213C	0
YLR214W	10
YLR215C	2
YLR216C	11
YLR217W	0
YLR218C	0
YLR219W	3
YLR220W	0
YLR221C	4
YLR222C	5
YLR222C-A	0
YLR223C	4
YLR224W	0
YLR225C	2
YLR226W	0
YLR227C	0
YLR227W-A	0
YLR227W-B	3
YLR228C	2
YLR229C	3
YLR230W	0
YLR231C	2
YLR232W	0
YLR233C	0
YLR234W	0
YLR235C	0
YLR236C	0
YLR237W	3
YLR238W	2
YLR239C	1
YLR240W	1
YLR241W	5
YLR242C	0
YLR243W	4
YLR244C	8
YLR245C	0
YLR246W	0
YLR247C	4
YLR248W	1
YLR249W	128
YLR250W	5
YLR251W	0
YLR252W	0
YLR253W	2
YLR254C	2
YLR255C	0
YLR256W	1
YLR256W-A	0
YLR257W	8
YLR258W	5
YLR259C	28
YLR260W	2
YLR261C	0
YLR262C	0
YLR262C-A	6
YLR263W	1
YLR264C-A	0
YLR264W	9
YLR265C	0
YLR266C	1
YLR267W	0
YLR268W	4
YLR269C	0
YLR270W	2
YLR271W	1
YLR272C	1
YLR273C	0
YLR274W	3
YLR275W	1
YLR276C	2
YLR277C	1
YLR278C	5
YLR279W	0
YLR280C	0
YLR281C	0
YLR282C	0
YLR283W	0
YLR284C	0
YLR285C-A	0
YLR285W	1
YLR286C	3
YLR286W-A	0
YLR287C	1
YLR287C-A	3
YLR288C	2
YLR289W	2
YLR290C	0
YLR291C	2
YLR292C	5
YLR293C	9
YLR294C	2
YLR295C	4
YLR296W	0
YLR297W	0
YLR298C	2
YLR299C-A	0
YLR299W	2
YLR300W	6
YLR301W	7
YLR302C	0
YLR303W	4
YLR304C	10
YLR305C	7
YLR306W	1
YLR307C-A	0
YLR307W	0
YLR308W	0
YLR309C	8
YLR310C	11
YLR311C	0
YLR312C	0
YLR312W-A	1
YLR313C	1
YLR314C	3
YLR315W	0
YLR316C	1
YLR317W	0
YLR318W	0
YLR319C	0
YLR320W	0
YLR321C	4
YLR322W	0
YLR323C	1
YLR324W	2
YLR325C	44
YLR326W	0
YLR327C	0
YLR328W	2
YLR329W	0
YLR330W	9
YLR331C	0
YLR332W	2
YLR333C	7
YLR334C	0
YLR335W	9
YLR336C	4
YLR337C	1
YLR338W	0
YLR339C	0
YLR340W	59
YLR341W	0
YLR342W	31
YLR342W-A	0
YLR343W	0
YLR344W	2
YLR345W	1
YLR346C	0
YLR347C	5
YLR347W-A	0
YLR348C	2
YLR349W	0
YLR350W	2
YLR351C	1
YLR352W	1
YLR353W	5
YLR354C	13
YLR355C	38
YLR356W	0
YLR357W	4
YLR358C	0
YLR359W	10
YLR360W	0
YLR361C	3
YLR361C-A	0
YLR362W	0
YLR363C	0
YLR363W-A	0
YLR364C-A	0
YLR364W	1
YLR365W	0
YLR366W	1
YLR367W	4
YLR368W	1
YLR369W	2
YLR370C	2
YLR371W	2
YLR372W	5
YLR373C	1
YLR374C	0
YLR375W	2
YLR376C	0
YLR377C	0
YLR378C	2
YLR379W	0
YLR380W	6
YLR381W	0
YLR382C	6
YLR383W	5
YLR384C	5
YLR385C	1
YLR386W	1
YLR387C	2
YLR388W	7
YLR389C	5
YLR390W	0
YLR390W-A	7
YLR392C	2
YLR393W	1
YLR394W	1
YLR395C	1
YLR396C	2
YLR397C	0
YLR398C	3
YLR399C	11
YLR399W-A	0
YLR400W	0
YLR401C	9
YLR402W	0
YLR403W	3
YLR404W	0
YLR405W	1
YLR406C	18
YLR406C-A	0
YLR407W	1
YLR408C	0
YLR409C	2
YLR410W	2
YLR410W-A	0
YLR410W-B	2
YLR411W	2
YLR412C-A	0
YLR412W	1
YLR413W	11
YLR414C	1
YLR415C	0
YLR416C	0
YLR417W	0
YLR418C	3
YLR419W	1
YLR420W	3
YLR421C	4
YLR422W	1
YLR423C	0
YLR424W	0
YLR425W	0
YLR426W	2
YLR427W	1
YLR428C	0
YLR429W	4
YLR430W	3
YLR431C	1
YLR432W	3
YLR433C	2
YLR434C	0
YLR435W	4
YLR436C	3
YLR437C	2
YLR437C-A	0
YLR438C-A	1
YLR438W	0
YLR439W	1
YLR440C	2
YLR441C	42
YLR442C	2
YLR443W	0
YLR444C	0
YLR445W	0
YLR446W	0
YLR447C	9
YLR448W	13
YLR449W	9
YLR450W	3
YLR451W	4
YLR452C	0
YLR453C	0
YLR454W	6
YLR455W	3
YLR456W	0
YLR457C	2
YLR458W	0
YLR459W	0
YLR460C	1
YLR461W	0
YLR462W	0
YLR463C	0
YLR464W	0
YLR465C	0
YLR466C-A	0
YLR466C-B	0
YLR466W	1
YLR467C-A	0
YLR467W	5
YML001W	1
YML002W	0
YML003W	0
YML004C	2
YML005W	0
YML006C	1
YML007C-A	0
YML007W	6
YML008C	11
YML009C	1
YML009C-A	0
YML009W-B	0
YML010W	5
YML011C	1
YML012C-A	0
YML012W	7
YML013W	5
YML014W	1
YML015C	2
YML016C	4
YML017W	2
YML018C	4
YML019W	0
YML020W	1
YML021C	2
YML022W	1
YML023C	0
YML024W	11
YML025C	1
YML026C	20
YML027W	0
YML028W	31
YML029W	0
YML030W	2
YML031C-A	0
YML031W	5
YML032C	0
YML034C-A	0
YML034W	5
YML035C	1
YML036W	3
YML037C	0
YML038C	0
YML039W	2
YML040W	0
YML041C	2
YML042W	0
YML043C	1
YML045W	5
YML045W-A	0
YML046W	0
YML047C	0
YML047W-A	0
YML048W	6
YML049C	2
YML050W	0
YML051W	3
YML052W	1
YML053C	2
YML054C	1
YML054C-A	0
YML055W	1
YML056C	2
YML057C-A	0
YML057W	4
YML058W	0
YML058W-A	0
YML059C	4
YML060W	1
YML061C	0
YML062C	2
YML063W	29
YML064C	1
YML065W	5
YML066C	0
YML067C	1
YML068W	0
YML069W	1
YML070W	5
YML071C	2
YML072C	8
YML073C	18
YML074C	16
YML075C	5
YML076C	1
YML077W	2
YML078W	3
YML079W	1
YML080W	1
YML081C-A	0
YML081W	4
YML082W	1
YML083C	0
YML084W	0
YML085C	6
YML086C	3
YML087C	1
YML088W	2
YML089C	0
YML090W	0
YML091C	0
YML092C	6
YML093W	7
YML094C-A	0
YML094W	2
YML095C	0
YML096W	0
YML097C	7
YML098W	0
YML099C	3
YML099W-A	0
YML100W	2
YML100W-A	0
YML101C	0
YML101C-A	0
YML102W	1
YML103C	6
YML104C	2
YML105C	1
YML106W	3
YML107C	0
YML108W	1
YML109W	0
YML110C	5
YML111W	3
YML112W	1
YML113W	2
YML114C	0
YML115C	3
YML116W	1
YML116W-A	0
YML117W	9
YML118W	0
YML119W	0
YML120C	0
YML121W	4
YML122C	0
YML123C	0
YML124C	3
YML125C	4
YML126C	25
YML127W	0
YML128C	0
YML129C	3
YML130C	1
YML131W	0
YML132W	0
YML133C	1
YML133W-A	0
YML133W-B	0
YMR001C	2
YMR001C-A	0
YMR002W	10
YMR003W	0
YMR004W	2
YMR005W	3
YMR006C	7
YMR007W	0
YMR008C	4
YMR009W	0
YMR010W	0
YMR011W	4
YMR012W	18
YMR013C	0
YMR013C-A	0
YMR013W-A	0
YMR014W	7
YMR015C	5
YMR016C	3
YMR017W	1
YMR018W	0
YMR019W	2
YMR020W	1
YMR021C	0
YMR022W	1
YMR023C	5
YMR024W	5
YMR025W	0
YMR026C	0
YMR027W	2
YMR028W	1
YMR029C	0
YMR030W	0
YMR030W-A	0
YMR031C	5
YMR031W-A	0
YMR032W	2
YMR033W	3
YMR034C	0
YMR035W	0
YMR036C	0
YMR037C	5
YMR038C	4
YMR039C	10
YMR040W	0
YMR041C	1
YMR042W	1
YMR043W	2
YMR044W	3
YMR045C	0
YMR046C	0
YMR046W-A	0
YMR047C	6
YMR048W	1
YMR049C	9
YMR050C	0
YMR051C	0
YMR052C-A	0
YMR052W	0
YMR053C	1
YMR054W	5
YMR055C	0
YMR056C	0
YMR057C	0
YMR058W	2
YMR059W	0
YMR060C	2
YMR061W	2
YMR062C	1
YMR063W	0
YMR064W	2
YMR065W	0
YMR066W	0
YMR067C	2
YMR068W	0
YMR069W	0
YMR070W	1
YMR071C	0
YMR072W	3
YMR073C	0
YMR074C	0
YMR075C-A	0
YMR075W	2
YMR076C	2
YMR077C	3
YMR078C	4
YMR079W	1
YMR080C	13
YMR081C	0
YMR082C	0
YMR083W	6
YMR084W	0
YMR085W	0
YMR086C-A	0
YMR086W	3
YMR087W	0
YMR088C	0
YMR089C	5
YMR090W	1
YMR091C	4
YMR092C	1
YMR093W	2
YMR094W	0
YMR095C	0
YMR096W	0
YMR097C	1
YMR098C	4
YMR099C	2
YMR100W	1
YMR101C	0
YMR102C	5
YMR103C	0
YMR104C	2
YMR105C	1
YMR105W-A	0
YMR106C	1
YMR107W	0
YMR108W	5
YMR109W	7
YMR110C	1
YMR111C	0
YMR112C	1
YMR113W	1
YMR114C	0
YMR115W	3
YMR116C	26
YMR117C	1
YMR118C	0
YMR119W	4
YMR119W-A	0
YMR120C	3
YMR121C	2
YMR122C	0
YMR122W-A	1
YMR123W	1
YMR124W	2
YMR125W	4
YMR126C	1
YMR127C	0
YMR128W	8
YMR129W	6
YMR130W	1
YMR131C	16
YMR132C	2
YMR133W	0
YMR134W	0
YMR135C	1
YMR135W-A	0
YMR136W	0
YMR137C	0
YMR138W	1
YMR139W	2
YMR140W	4
YMR141C	0
YMR141W-A	0
YMR142C	16
YMR143W	13
YMR144W	0
YMR145C	16
YMR146C	9
YMR147W	0
YMR148W	0
YMR149W	1
YMR150C	0
YMR151W	0
YMR152W	1
YMR153C-A	0
YMR153W	0
YMR154C	0
YMR155W	0
YMR156C	0
YMR157C	2
YMR158C-A	0
YMR158W	1
YMR158W-B	0
YMR159C	0
YMR160W	1
YMR161W	1
YMR162C	3
YMR163C	0
YMR164C	0
YMR165C	2
YMR166C	3
YMR167W	2
YMR168C	1
YMR169C	0
YMR170C	0
YMR171C	3
YMR172C-A	0
YMR172W	2
YMR173W	0
YMR173W-A	0
YMR174C	0
YMR175W	0
YMR175W-A	0
YMR176W	1
YMR177W	3
YMR178W	0
YMR179W	1
YMR180C	1
YMR181C	0
YMR182C	0
YMR182W-A	0
YMR183C	6
YMR184W	0
YMR185W	2
YMR186W	85
YMR187C	0
YMR188C	2
YMR189W	4
YMR190C	1
YMR191W	1
YMR192W	2
YMR193C-A	0
YMR193W	4
YMR194C-A	1
YMR194C-B	0
YMR194W	15
YMR195W	0
YMR196W	2
YMR197C	2
YMR198W	1
YMR199W	2
YMR200W	4
YMR201C	0
YMR202W	4
YMR203W	7
YMR204C	0
YMR205C	21
YMR206W	0
YMR207C	5
YMR208W	4
YMR209C	0
YMR210W	1
YMR211W	1
YMR212C	5
YMR213W	1
YMR214W	5
YMR215W	4
YMR216C	4
YMR217W	15
YMR218C	0
YMR219W	3
YMR220W	10
YMR221C	2
YMR222C	1
YMR223W	2
YMR224C	0
YMR225C	2
YMR226C	3
YMR227C	1
YMR228W	0
YMR229C	13
YMR230W	22
YMR230W-A	0
YMR231W	0
YMR232W	0
YMR233W	2
YMR234W	1
YMR235C	11
YMR236W	1
YMR237W	0
YMR238W	0
YMR239C	2
YMR240C	2
YMR241W	0
YMR242C	11
YMR242W-A	0
YMR243C	8
YMR244C-A	1
YMR244W	0
YMR245W	0
YMR246W	10
YMR247C	2
YMR247W-A	0
YMR250W	2
YMR251W	0
YMR251W-A	9
YMR252C	0
YMR253C	0
YMR254C	0
YMR255W	3
YMR256C	0
YMR257C	1
YMR258C	0
YMR259C	6
YMR260C	25
YMR261C	2
YMR262W	0
YMR263W	0
YMR264W	5
YMR265C	0
YMR266W	3
YMR267W	2
YMR268C	1
YMR269W	0
YMR270C	1
YMR271C	0
YMR272C	12
YMR272W-A	0
YMR272W-B	0
YMR273C	5
YMR274C	0
YMR275C	2
YMR276W	5
YMR277W	7
YMR278W	3
YMR279C	0
YMR280C	0
YMR281W	0
YMR282C	1
YMR283C	1
YMR284W	0
YMR285C	0
YMR286W	0
YMR287C	1
YMR288W	1
YMR289W	1
YMR290C	4
YMR290W-A	0
YMR291W	0
YMR292W	0
YMR293C	0
YMR294W	2
YMR294W-A	0
YMR295C	6
YMR296C	2
YMR297W	9
YMR298W	0
YMR299C	0
YMR300C	2
YMR301C	2
YMR302C	6
YMR303C	11
YMR304C-A	0
YMR304W	4
YMR305C	3
YMR306C-A	0
YMR306W	1
YMR307C-A	0
YMR307W	29
YMR308C	6
YMR309C	20
YMR310C	1
YMR311C	8
YMR312W	1
YMR313C	0
YMR314W	4
YMR315W	0
YMR315W-A	0
YMR316C-A	0
YMR316C-B	0
YMR316W	3
YMR317W	0
YMR318C	6
YMR319C	0
YMR320W	0
YMR321C	0
YMR322C	0
YMR323W	0
YMR324C	0
YMR325W	0
YMR326C	0
YNL001W	2
YNL002C	27
YNL003C	0
YNL004W	0
YNL005C	5
YNL006W	1
YNL007C	2
YNL008C	0
YNL009W	0
YNL010W	2
YNL011C	0
YNL012W	0
YNL013C	0
YNL014W	0
YNL015W	0
YNL016W	6
YNL017C	0
YNL018C	0
YNL019C	0
YNL020C	0
YNL021W	1
YNL022C	2
YNL023C	0
YNL024C	0
YNL024C-A	0
YNL025C	1
YNL026W	0
YNL027W	2
YNL028W	0
YNL029C	0
YNL030W	26
YNL031C	17
YNL032W	2
YNL033W	0
YNL034W	0
YNL035C	0
YNL036W	1
YNL037C	4
YNL038W	0
YNL039W	4
YNL040W	2
YNL041C	3
YNL042W	1
YNL042W-B	0
YNL043C	0
YNL044W	3
YNL045W	2
YNL046W	1
YNL047C	2
YNL048W	0
YNL049C	3
YNL050C	2
YNL051W	1
YNL052W	0
YNL053W	2
YNL054W	1
YNL054W-A	0
YNL054W-B	0
YNL055C	4
YNL056W	1
YNL057W	0
YNL058C	0
YNL059C	3
YNL061W	13
YNL062C	1
YNL063W	1
YNL064C	8
YNL065W	0
YNL066W	4
YNL067W	12
YNL067W-A	0
YNL067W-B	0
YNL068C	1
YNL069C	40
YNL070W	2
YNL071W	9
YNL072W	1
YNL073W	2
YNL074C	1
YNL075W	3
YNL076W	3
YNL077W	0
YNL078W	2
YNL079C	30
YNL080C	3
YNL081C	7
YNL082W	1
YNL083W	0
YNL084C	8
YNL085W	1
YNL086W	0
YNL087W	4
YNL088W	3
YNL089C	0
YNL090W	1
YNL091W	5
YNL092W	0
YNL093W	0
YNL094W	1
YNL095C	0
YNL096C	6
YNL097C	6
YNL097C-B	0
YNL097W-A	0
YNL098C	12
YNL099C	3
YNL100W	0
YNL101W	3
YNL102W	3
YNL103W	2
YNL103W-A	0
YNL104C	7
YNL105W	0
YNL106C	1
YNL107W	0
YNL108C	0
YNL109W	1
YNL110C	4
YNL111C	5
YNL112W	9
YNL113W	8
YNL114C	0
YNL115C	0
YNL116W	1
YNL117W	0
YNL118C	4
YNL119W	0
YNL120C	0
YNL121C	15
YNL122C	1
YNL123W	7
YNL124W	2
YNL125C	0
YNL126W	0
YNL127W	2
YNL128W	0
YNL129W	1
YNL130C	3
YNL130C-A	0
YNL131W	0
YNL132W	3
YNL133C	1
YNL134C	2
YNL135C	13
YNL136W	1
YNL137C	1
YNL138W	5
YNL138W-A	2
YNL139C	2
YNL140C	0
YNL141W	0
YNL142W	0
YNL143C	0
YNL144C	0
YNL144W-A	0
YNL145W	0
YNL146C-A	0
YNL146W	0
YNL147W	3
YNL148C	0
YNL149C	4
YNL150W	0
YNL151C	1
YNL152W	2
YNL153C	1
YNL154C	5
YNL155W	1
YNL156C	1
YNL157W	4
YNL158W	2
YNL159C	0
YNL160W	6
YNL161W	1
YNL162W	13
YNL162W-A	0
YNL163C	4
YNL164C	3
YNL165W	0
YNL166C	2
YNL167C	1
YNL168C	2
YNL169C	1
YNL170W	0
YNL171C	0
YNL172W	1
YNL173C	4
YNL174W	0
YNL175C	7
YNL176C	3
YNL177C	3
YNL178W	77
YNL179C	0
YNL180C	6
YNL181W	5
YNL182C	5
YNL183C	0
YNL184C	0
YNL185C	1
YNL186W	1
YNL187W	0
YNL188W	2
YNL189W	7
YNL190W	5
YNL191W	3
YNL192W	3
YNL193W	3
YNL194C	0
YNL195C	0
YNL196C	0
YNL197C	4
YNL198C	1
YNL199C	2
YNL200C	0
YNL201C	4
YNL202W	0
YNL203C	0
YNL204C	0
YNL205C	0
YNL206C	4
YNL207W	1
YNL208W	1
YNL209W	30
YNL210W	0
YNL211C	0
YNL212W	3
YNL213C	1
YNL214W	1
YNL215W	4
YNL216W	5
YNL217W	1
YNL218W	3
YNL219C	1
YNL220W	5
YNL221C	6
YNL222W	3
YNL223W	0
YNL224C	4
YNL225C	0
YNL226W	0
YNL227C	4
YNL228W	0
YNL229C	3
YNL230C	0
YNL231C	2
YNL232W	3
YNL233W	8
YNL234W	0
YNL235C	0
YNL236W	2
YNL237W	1
YNL238W	2
YNL239W	2
YNL240C	1
YNL241C	3
YNL242W	1
YNL243W	5
YNL244C	5
YNL245C	0
YNL246W	6
YNL247W	8
YNL248C	6
YNL249C	0
YNL250W	1
YNL251C	3
YNL252C	7
YNL253W	1
YNL254C	1
YNL255C	42
YNL256W	1
YNL257C	2
YNL258C	1
YNL259C	2
YNL260C	0
YNL261W	1
YNL262W	2
YNL263C	2
YNL264C	1
YNL265C	0
YNL266W	0
YNL267W	6
YNL268W	2
YNL269W	0
YNL270C	0
YNL271C	5
YNL272C	4
YNL273W	1
YNL274C	2
YNL275W	0
YNL276C	0
YNL277W	1
YNL277W-A	0
YNL278W	0
YNL279W	0
YNL280C	0
YNL281W	11
YNL282W	0
YNL283C	0
YNL284C	1
YNL284C-A	0
YNL284C-B	1
YNL285W	0
YNL286W	3
YNL287W	7
YNL288W	5
YNL289W	4
YNL290W	2
YNL291C	3
YNL292W	2
YNL293W	0
YNL294C	1
YNL295W	1
YNL296W	0
YNL297C	1
YNL298W	0
YNL299W	2
YNL300W	0
YNL301C	9
YNL302C	41
YNL303W	0
YNL304W	1
YNL305C	0
YNL306W	8
YNL307C	3
YNL308C	8
YNL309W	0
YNL310C	1
YNL311C	0
YNL312W	1
YNL313C	8
YNL314W	3
YNL315C	0
YNL316C	0
YNL317W	1
YNL318C	0
YNL319W	0
YNL320W	0
YNL321W	1
YNL322C	2
YNL323W	3
YNL324W	0
YNL325C	0
YNL326C	2
YNL327W	3
YNL328C	1
YNL329C	1
YNL330C	3
YNL331C	0
YNL332W	0
YNL333W	0
YNL334C	0
YNL335W	0
YNL336W	2
YNL337W	0
YNL338W	0
YNL339C	0
YNL339W-A	0
YNL339W-B	0
YNR001C	4
YNR001W-A	0
YNR002C	0
YNR003C	1
YNR003W-A	0
YNR004W	0
YNR005C	0
YNR006W	9
YNR007C	0
YNR008W	1
YNR009W	1
YNR010W	0
YNR011C	2
YNR012W	1
YNR013C	5
YNR014W	0
YNR015W	3
YNR016C	32
YNR017W	3
YNR018W	5
YNR019W	5
YNR020C	1
YNR021W	9
YNR022C	7
YNR023W	2
YNR024W	0
YNR025C	0
YNR026C	0
YNR027W	0
YNR028W	2
YNR029C	2
YNR030W	3
YNR031C	1
YNR032C-A	1
YNR032W	1
YNR033W	9
YNR034W	1
YNR034W-A	1
YNR035C	5
YNR036C	2
YNR037C	0
YNR038W	1
YNR039C	1
YNR040W	1
YNR041C	1
YNR042W	0
YNR043W	7
YNR044W	2
YNR045W	0
YNR046W	5
YNR047W	2
YNR048W	0
YNR049C	1
YNR050C	6
YNR051C	4
YNR052C	0
YNR053C	5
YNR054C	8
YNR055C	2
YNR056C	0
YNR057C	0
YNR058W	0
YNR059W	1
YNR060W	0
YNR061C	1
YNR062C	0
YNR063W	0
YNR064C	0
YNR065C	0
YNR066C	0
YNR067C	8
YNR068C	1
YNR069C	0
YNR070W	0
YNR071C	0
YNR072W	0
YNR073C	0
YNR074C	0
YNR075C-A	0
YNR075W	0
YNR076W	0
YNR077C	0
YOL001W	3
YOL002C	1
YOL003C	0
YOL004W	3
YOL005C	2
YOL006C	5
YOL007C	2
YOL008W	1
YOL009C	0
YOL010W	3
YOL011W	0
YOL012C	2
YOL013C	1
YOL013W-A	0
YOL013W-B	0
YOL014W	1
YOL015W	0
YOL016C	6
YOL017W	0
YOL018C	0
YOL019W	1
YOL019W-A	0
YOL020W	4
YOL021C	11
YOL022C	4
YOL023W	0
YOL024W	0
YOL025W	1
YOL026C	0
YOL027C	8
YOL028C	0
YOL029C	4
YOL030W	7
YOL031C	3
YOL032W	3
YOL033W	1
YOL034W	2
YOL035C	0
YOL036W	7
YOL037C	0
YOL038C-A	0
YOL038W	13
YOL039W	74
YOL040C	21
YOL041C	8
YOL042W	1
YOL043C	0
YOL044W	1
YOL045W	1
YOL046C	0
YOL047C	0
YOL048C	2
YOL049W	1
YOL050C	0
YOL051W	4
YOL052C	2
YOL052C-A	0
YOL053W	0
YOL054W	2
YOL055C	1
YOL056W	3
YOL057W	3
YOL058W	3
YOL059W	6
YOL060C	3
YOL061W	2
YOL062C	0
YOL063C	0
YOL064C	3
YOL065C	0
YOL066C	2
YOL067C	0
YOL068C	1
YOL069W	1
YOL070C	2
YOL071W	0
YOL072W	2
YOL073C	1
YOL075C	0
YOL076W	1
YOL077C	7
YOL077W-A	5
YOL078W	1
YOL079W	0
YOL080C	3
YOL081W	9
YOL082W	0
YOL083C-A	0
YOL083W	0
YOL084W	0
YOL085C	0
YOL085W-A	0
YOL086C	97
YOL086W-A	0
YOL087C	1
YOL088C	3
YOL089C	0
YOL090W	3
YOL091W	0
YOL092W	1
YOL093W	4
YOL094C	3
YOL095C	2
YOL096C	1
YOL097C	13
YOL097W-A	0
YOL098C	6
YOL099C	0
YOL100W	2
YOL101C	0
YOL102C	0
YOL103W	10
YOL103W-A	0
YOL103W-B	14
YOL104C	0
YOL105C	0
YOL106W	0
YOL107W	1
YOL108C	1
YOL109W	34
YOL110W	0
YOL111C	1
YOL112W	2
YOL113W	1
YOL114C	0
YOL115W	3
YOL116W	0
YOL117W	0
YOL118C	0
YOL119C	0
YOL120C	17
YOL121C	23
YOL122C	1
YOL123W	8
YOL124C	2
YOL125W	0
YOL126C	0
YOL127W	25
YOL128C	0
YOL129W	3
YOL130W	6
YOL131W	0
YOL132W	0
YOL133W	3
YOL134C	0
YOL135C	1
YOL136C	1
YOL137W	1
YOL138C	1
YOL139C	12
YOL140W	2
YOL141W	2
YOL142W	2
YOL143C	0
YOL144W	1
YOL145C	6
YOL146W	0
YOL147C	0
YOL148C	3
YOL149W	2
YOL150C	0
YOL151W	0
YOL152W	0
YOL153C	1
YOL154W	0
YOL155C	23
YOL155W-A	0
YOL156W	0
YOL157C	1
YOL158C	1
YOL159C	0
YOL159C-A	0
YOL160W	0
YOL161C	0
YOL162W	0
YOL163W	0
YOL164W	0
YOL164W-A	0
YOL165C	0
YOL166C	0
YOL166W-A	0
YOR001W	4
YOR002W	0
YOR003W	1
YOR004W	3
YOR005C	1
YOR006C	2
YOR007C	15
YOR008C	1
YOR008C-A	0
YOR008W-B	0
YOR009W	0
YOR010C	0
YOR011W	3
YOR011W-A	0
YOR012W	1
YOR013W	0
YOR014W	4
YOR015W	2
YOR016C	3
YOR017W	7
YOR018W	1
YOR019W	1
YOR020C	9
YOR020W-A	1
YOR021C	10
YOR022C	0
YOR023C	5
YOR024W	0
YOR025W	1
YOR026W	0
YOR027W	33
YOR028C	0
YOR029W	0
YOR030W	1
YOR031W	0
YOR032C	0
YOR032W-A	0
YOR033C	1
YOR034C	1
YOR034C-A	0
YOR035C	1
YOR036W	1
YOR037W	2
YOR038C	0
YOR039W	4
YOR040W	0
YOR041C	0
YOR042W	7
YOR043W	7
YOR044W	1
YOR045W	0
YOR046C	4
YOR047C	2
YOR048C	4
YOR049C	0
YOR050C	0
YOR051C	13
YOR052C	1
YOR053W	0
YOR054C	1
YOR055W	0
YOR056C	6
YOR057W	2
YOR058C	3
YOR059C	2
YOR060C	0
YOR061W	4
YOR062C	0
YOR063W	86
YOR064C	2
YOR065W	5
YOR066W	2
YOR067C	0
YOR068C	0
YOR069W	3
YOR070C	1
YOR071C	0
YOR072W	0
YOR072W-A	0
YOR072W-B	0
YOR073W	4
YOR073W-A	0
YOR074C	0
YOR075W	1
YOR076C	1
YOR077W	0
YOR078W	8
YOR079C	1
YOR080W	0
YOR081C	2
YOR082C	0
YOR083W	0
YOR084W	0
YOR085W	1
YOR086C	7
YOR087W	0
YOR089C	3
YOR090C	1
YOR091W	6
YOR092W	1
YOR093C	1
YOR094W	0
YOR095C	2
YOR096W	6
YOR097C	4
YOR098C	3
YOR099W	2
YOR100C	0
YOR101W	1
YOR102W	0
YOR103C	0
YOR104W	0
YOR105W	0
YOR106W	2
YOR107W	0
YOR108C-A	0
YOR108W	3
YOR109W	5
YOR110W	2
YOR111W	0
YOR112W	0
YOR113W	0
YOR114W	0
YOR115C	2
YOR116C	6
YOR117W	9
YOR118W	0
YOR119C	2
YOR120W	2
YOR121C	1
YOR122C	4
YOR123C	6
YOR124C	2
YOR125C	0
YOR126C	2
YOR127W	2
YOR128C	3
YOR129C	0
YOR130C	1
YOR131C	0
YOR132W	1
YOR133W	105
YOR134W	0
YOR135C	0
YOR136W	4
YOR137C	1
YOR138C	3
YOR139C	0
YOR140W	1
YOR141C	5
YOR142W	0
YOR142W-A	0
YOR142W-B	3
YOR143C	0
YOR144C	0
YOR145C	5
YOR146W	0
YOR147W	0
YOR148C	0
YOR149C	1
YOR150W	3
YOR151C	19
YOR152C	1
YOR153W	93
YOR154W	1
YOR155C	1
YOR156C	3
YOR157C	3
YOR158W	17
YOR159C	4
YOR160W	2
YOR161C	1
YOR161C-C	0
YOR161W-A	0
YOR161W-B	0
YOR162C	2
YOR163W	3
YOR164C	1
YOR165W	9
YOR166C	2
YOR167C	18
YOR168W	18
YOR169C	0
YOR170W	0
YOR171C	2
YOR172W	3
YOR173W	0
YOR174W	0
YOR175C	1
YOR176W	1
YOR177C	0
YOR178C	0
YOR179C	2
YOR180C	0
YOR181W	1
YOR182C	3
YOR183W	0
YOR184W	0
YOR185C	2
YOR186C-A	0
YOR186W	0
YOR187W	4
YOR188W	2
YOR189W	2
YOR190W	0
YOR191W	4
YOR192C	0
YOR192C-A	0
YOR192C-B	0
YOR192C-C	0
YOR193W	0
YOR194C	7
YOR195W	3
YOR196C	1
YOR197W	5
YOR198C	53
YOR199W	0
YOR200W	0
YOR201C	0
YOR202W	1
YOR203W	0
YOR204W	5
YOR205C	0
YOR206W	8
YOR207C	2
YOR208W	0
YOR209C	4
YOR210W	0
YOR211C	2
YOR212W	0
YOR213C	1
YOR214C	0
YOR215C	1
YOR216C	7
YOR217W	5
YOR218C	0
YOR219C	4
YOR220W	0
YOR221C	3
YOR222W	2
YOR223W	1
YOR224C	11
YOR225W	0
YOR226C	0
YOR227W	4
YOR228C	0
YOR229W	2
YOR230W	0
YOR231C-A	0
YOR231W	0
YOR232W	4
YOR233W	1
YOR234C	5
YOR235W	0
YOR236W	1
YOR237W	0
YOR238W	0
YOR239W	5
YOR241W	4
YOR242C	0
YOR243C	13
YOR244W	3
YOR245C	1
YOR246C	3
YOR247W	7
YOR248W	0
YOR249C	1
YOR250C	1
YOR251C	1
YOR252W	2
YOR253W	0
YOR254C	7
YOR255W	0
YOR256C	4
YOR257W	3
YOR258W	0
YOR259C	18
YOR260W	8
YOR261C	10
YOR262W	0
YOR263C	0
YOR264W	1
YOR265W	3
YOR266W	0
YOR267C	2
YOR268C	0
YOR269W	4
YOR270C	12
YOR271C	1
YOR272W	7
YOR273C	1
YOR274W	3
YOR275C	1
YOR276W	5
YOR277C	0
YOR278W	0
YOR279C	0
YOR280C	0
YOR281C	9
YOR282W	0
YOR283W	0
YOR284W	1
YOR285W	5
YOR286W	0
YOR287C	5
YOR288C	0
YOR289W	0
YOR290C	4
YOR291W	1
YOR292C	0
YOR293C-A	0
YOR293W	57
YOR294W	0
YOR295W	2
YOR296W	1
YOR297C	0
YOR298C-A	11
YOR298W	0
YOR299W	3
YOR300W	0
YOR301W	1
YOR302W	1
YOR303W	1
YOR304C-A	0
YOR304W	6
YOR305W	1
YOR306C	0
YOR307C	0
YOR308C	3
YOR309C	0
YOR310C	11
YOR311C	3
YOR312C	10
YOR313C	1
YOR314W	0
YOR314W-A	0
YOR315W	2
YOR316C	0
YOR316C-A	0
YOR317W	2
YOR318C	0
YOR319W	0
YOR320C	1
YOR321W	2
YOR322C	1
YOR323C	1
YOR324C	0
YOR325W	0
YOR326W	21
YOR327C	3
YOR328W	2
YOR329C	1
YOR329W-A	0
YOR330C	1
YOR331C	0
YOR332W	19
YOR333C	0
YOR334W	0
YOR335C	12
YOR335W-A	0
YOR336W	2
YOR337W	2
YOR338W	0
YOR339C	0
YOR340C	5
YOR341W	17
YOR342C	2
YOR343C	0
YOR343W-A	0
YOR343W-B	1
YOR344C	1
YOR345C	0
YOR346W	0
YOR347C	0
YOR348C	0
YOR349W	1
YOR350C	2
YOR351C	0
YOR352W	1
YOR353C	1
YOR354C	1
YOR355W	1
YOR356W	0
YOR357C	1
YOR358W	2
YOR359W	2
YOR360C	1
YOR361C	9
YOR362C	3
YOR363C	0
YOR364W	0
YOR365C	0
YOR366W	0
YOR367W	0
YOR368W	1
YOR369C	39
YOR370C	1
YOR371C	1
YOR372C	3
YOR373W	0
YOR374W	0
YOR375C	11
YOR376W	0
YOR376W-A	0
YOR377W	0
YOR378W	1
YOR379C	0
YOR380W	0
YOR381W	0
YOR381W-A	0
YOR382W	1
YOR383C	0
YOR384W	0
YOR385W	0
YOR386W	0
YOR387C	0
YOR388C	0
YOR389W	0
YOR390W	0
YOR391C	0
YOR392W	0
YOR393W	0
YOR394C-A	0
YOR394W	0
YOR396C-A	0
YOR396W	6
YPL001W	1
YPL002C	0
YPL003W	1
YPL004C	16
YPL005W	0
YPL006W	0
YPL007C	0
YPL008W	0
YPL009C	5
YPL010W	3
YPL011C	0
YPL012W	14
YPL013C	3
YPL014W	0
YPL015C	3
YPL016W	6
YPL017C	0
YPL018W	1
YPL019C	0
YPL020C	0
YPL021W	0
YPL022W	2
YPL023C	3
YPL024W	0
YPL025C	0
YPL026C	2
YPL027W	0
YPL028W	7
YPL029W	0
YPL030W	3
YPL031C	2
YPL032C	6
YPL033C	0
YPL034W	0
YPL035C	0
YPL036W	1
YPL037C	2
YPL038W	0
YPL038W-A	0
YPL039W	2
YPL040C	0
YPL041C	0
YPL042C	2
YPL043W	19
YPL044C	0
YPL045W	1
YPL046C	1
YPL047W	2
YPL048W	5
YPL049C	3
YPL050C	1
YPL051W	1
YPL052W	0
YPL053C	2
YPL054W	0
YPL055C	0
YPL056C	0
YPL057C	3
YPL058C	5
YPL059W	2
YPL060C-A	0
YPL060W	0
YPL061W	26
YPL062W	0
YPL063W	13
YPL064C	3
YPL065W	0
YPL066W	3
YPL067C	0
YPL068C	0
YPL069C	0
YPL070W	1
YPL071C	0
YPL072W	1
YPL073C	0
YPL074W	1
YPL075W	1
YPL076W	0
YPL077C	1
YPL078C	8
YPL079W	24
YPL080C	0
YPL081W	31
YPL082C	2
YPL083C	0
YPL084W	2
YPL085W	4
YPL086C	2
YPL087W	1
YPL088W	5
YPL089C	4
YPL090C	46
YPL091W	2
YPL092W	0
YPL093W	8
YPL094C	7
YPL095C	0
YPL096C-A	0
YPL096W	0
YPL097W	1
YPL098C	1
YPL099C	1
YPL100W	1
YPL101W	6
YPL102C	0
YPL103C	2
YPL104W	0
YPL105C	8
YPL106C	37
YPL107W	1
YPL108W	0
YPL109C	2
YPL110C	1
YPL111W	0
YPL112C	5
YPL113C	0
YPL114W	0
YPL115C	1
YPL116W	2
YPL117C	4
YPL118W	4
YPL119C	0
YPL119C-A	0
YPL120W	1
YPL121C	0
YPL122C	1
YPL123C	1
YPL124W	0
YPL125W	0
YPL126W	1
YPL127C	0
YPL128C	4
YPL129W	3
YPL130W	0
YPL131W	51
YPL132W	4
YPL133C	1
YPL134C	0
YPL135C-A	0
YPL135W	3
YPL136W	0
YPL137C	3
YPL138C	0
YPL139C	1
YPL140C	1
YPL141C	1
YPL142C	0
YPL143W	13
YPL144W	1
YPL145C	15
YPL146C	2
YPL147W	0
YPL148C	0
YPL149W	2
YPL150W	2
YPL151C	0
YPL152W	0
YPL152W-A	0
YPL153C	0
YPL154C	2
YPL155C	1
YPL156C	1
YPL157W	1
YPL158C	4
YPL159C	2
YPL160W	9
YPL161C	1
YPL162C	0
YPL163C	1
YPL164C	0
YPL165C	0
YPL166W	0
YPL167C	0
YPL168W	1
YPL169C	2
YPL170W	3
YPL171C	0
YPL172C	4
YPL173W	3
YPL174C	0
YPL175W	1
YPL176C	2
YPL177C	0
YPL178W	2
YPL179W	1
YPL180W	0
YPL181W	3
YPL182C	0
YPL183C	2
YPL183W-A	0
YPL184C	4
YPL185W	0
YPL186C	0
YPL187W	0
YPL188W	0
YPL189C-A	0
YPL189W	0
YPL190C	4
YPL191C	0
YPL192C	0
YPL193W	1
YPL194W	1
YPL195W	3
YPL196W	0
YPL197C	0
YPL198W	17
YPL199C	5
YPL200W	0
YPL201C	0
YPL202C	3
YPL203W	0
YPL204W	4
YPL205C	0
YPL206C	1
YPL207W	7
YPL208W	1
YPL209C	0
YPL210C	5
YPL211W	1
YPL212C	4
YPL213W	1
YPL214C	0
YPL215W	2
YPL216W	1
YPL217C	10
YPL218W	4
YPL219W	0
YPL220W	25
YPL221W	5
YPL222C-A	0
YPL222W	0
YPL223C	0
YPL224C	1
YPL225W	8
YPL226W	13
YPL227C	0
YPL228W	0
YPL229W	2
YPL230W	0
YPL231W	27
YPL232W	7
YPL233W	1
YPL234C	2
YPL235W	3
YPL236C	0
YPL237W	12
YPL238C	0
YPL239W	9
YPL240C	16
YPL241C	2
YPL242C	3
YPL243W	4
YPL244C	1
YPL245W	0
YPL246C	3
YPL247C	0
YPL248C	0
YPL249C	5
YPL249C-A	27
YPL250C	0
YPL250W-A	0
YPL251W	0
YPL252C	3
YPL253C	0
YPL254W	3
YPL255W	0
YPL256C	3
YPL257W	0
YPL257W-A	0
YPL257W-B	2
YPL258C	0
YPL259C	2
YPL260W	4
YPL261C	0
YPL262W	0
YPL263C	6
YPL264C	0
YPL265W	1
YPL266W	3
YPL267W	0
YPL268W	1
YPL269W	1
YPL270W	1
YPL271W	0
YPL272C	0
YPL273W	4
YPL274W	2
YPL275W	0
YPL276W	0
YPL277C	0
YPL278C	0
YPL279C	0
YPL280W	0
YPL281C	0
YPL282C	0
YPL283C	0
YPL283W-A	0
YPL283W-B	0
YPR001W	0
YPR002C-A	0
YPR002W	0
YPR003C	1
YPR004C	2
YPR005C	0
YPR006C	0
YPR007C	0
YPR008W	3
YPR009W	1
YPR010C	10
YPR010C-A	0
YPR011C	0
YPR012W	0
YPR013C	0
YPR014C	0
YPR015C	0
YPR016C	0
YPR016W-A	0
YPR017C	0
YPR018W	4
YPR019W	2
YPR020W	0
YPR021C	1
YPR022C	0
YPR023C	2
YPR024W	4
YPR025C	2
YPR026W	2
YPR027C	0
YPR028W	6
YPR029C	2
YPR030W	0
YPR031W	1
YPR032W	1
YPR033C	6
YPR034W	5
YPR035W	18
YPR036W	4
YPR036W-A	11
YPR037C	1
YPR038W	0
YPR039W	0
YPR040W	0
YPR041W	20
YPR042C	0
YPR043W	40
YPR044C	0
YPR045C	1
YPR046W	0
YPR047W	0
YPR048W	2
YPR049C	3
YPR050C	0
YPR051W	3
YPR052C	1
YPR053C	5
YPR054W	0
YPR055W	0
YPR056W	1
YPR057W	2
YPR058W	1
YPR059C	0
YPR060C	0
YPR061C	0
YPR062W	4
YPR063C	2
YPR064W	0
YPR065W	4
YPR066W	0
YPR067W	0
YPR068C	0
YPR069C	3
YPR070W	1
YPR071W	1
YPR072W	9
YPR073C	0
YPR074C	12
YPR074W-A	0
YPR075C	2
YPR076W	0
YPR077C	0
YPR078C	0
YPR079W	1
YPR080W	29
YPR081C	3
YPR082C	0
YPR083W	1
YPR084W	0
YPR085C	2
YPR086W	3
YPR087W	0
YPR088C	4
YPR089W	2
YPR091C	2
YPR092W	0
YPR093C	0
YPR094W	1
YPR095C	0
YPR096C	0
YPR097W	6
YPR098C	0
YPR099C	0
YPR100W	12
YPR101W	3
YPR102C	51
YPR103W	1
YPR104C	3
YPR105C	5
YPR106W	0
YPR107C	1
YPR108W	9
YPR108W-A	0
YPR109W	1
YPR110C	3
YPR111W	1
YPR112C	8
YPR113W	3
YPR114W	5
YPR115W	0
YPR116W	0
YPR117W	1
YPR118W	2
YPR119W	2
YPR120C	0
YPR121W	1
YPR122W	0
YPR123C	0
YPR124W	1
YPR125W	3
YPR126C	0
YPR127W	0
YPR128C	0
YPR129W	5
YPR130C	0
YPR131C	1
YPR132W	11
YPR133C	12
YPR133W-A	9
YPR134W	0
YPR135W	1
YPR136C	0
YPR137C-A	0
YPR137C-B	0
YPR137W	11
YPR138C	1
YPR139C	1
YPR140W	2
YPR141C	0
YPR142C	0
YPR143W	2
YPR144C	3
YPR145C-A	0
YPR145W	14
YPR146C	0
YPR147C	1
YPR148C	7
YPR149W	2
YPR150W	0
YPR151C	0
YPR152C	0
YPR153W	0
YPR154W	0
YPR155C	0
YPR156C	4
YPR157W	0
YPR158C-C	0
YPR158C-D	1
YPR158W	1
YPR158W-A	0
YPR158W-B	4
YPR159C-A	0
YPR159W	5
YPR160C-A	0
YPR160W	2
YPR160W-A	0
YPR161C	0
YPR162C	0
YPR163C	15
YPR164W	3
YPR165W	11
YPR166C	1
YPR167C	1
YPR168W	1
YPR169W	9
YPR169W-A	0
YPR170C	0
YPR170W-A	0
YPR170W-B	0
YPR171W	0
YPR172W	0
YPR173C	6
YPR174C	0
YPR175W	0
YPR176C	1
YPR177C	0
YPR178W	0
YPR179C	2
YPR180W	2
YPR181C	13
YPR182W	0
YPR183W	3
YPR184W	0
YPR185W	1
YPR186C	0
YPR187W	2
YPR188C	1
YPR189W	2
YPR190C	2
YPR191W	3
YPR192W	0
YPR193C	0
YPR194C	1
YPR195C	0
YPR196W	0
YPR197C	0
YPR198W	0
YPR199C	1
YPR200C	0
YPR201W	0
YPR202W	0
YPR203W	0
YPR204C-A	0
YPR204W	8
snR10	0
snR11	0
snR128	1
snR13	0
snR14	0
snR161	0
snR17a	0
snR17b	0
snR18	1
snR189	0
snR19	0
snR190	0
snR191	0
snR24	0
snR3	0
snR30	1
snR31	0
snR32	0
snR33	0
snR34	0
snR35	0
snR36	0
snR37	0
snR38	0
snR39	0
snR39B	1
snR4	0
snR40	7
snR41	0
snR42	0
snR43	0
snR44	0
snR45	0
snR46	0
snR47	0
snR48	0
snR49	0
snR5	0
snR50	1
snR51	0
snR52	0
snR53	0
snR54	0
snR55	0
snR56	0
snR57	0
snR58	0
snR59	0
snR6	0
snR60	0
snR61	0
snR62	0
snR63	1
snR64	2
snR65	0
snR66	0
snR67	0
snR68	0
snR69	1
snR7-L	0
snR7-S	0
snR70	0
snR71	0
snR72	0
snR73	0
snR74	0
snR75	0
snR76	1
snR77	1
snR78	0
snR79	0
snR8	0
snR80	0
snR81	0
snR82	0
snR83	0
snR84	0
snR85	0
snR86	1
snR87	0
snR9	1
tA(AGC)D	0
tA(AGC)F	0
tA(AGC)G	0
tA(AGC)H	0
tA(AGC)J	0
tA(AGC)K1	0
tA(AGC)K2	0
tA(AGC)L	0
tA(AGC)M1	0
tA(AGC)M2	0
tA(AGC)P	0
tA(UGC)A	0
tA(UGC)E	0
tA(UGC)G	0
tA(UGC)L	0
tA(UGC)O	0
tA(UGC)Q	0
tC(GCA)B	0
tC(GCA)G	0
tC(GCA)P1	0
tC(GCA)P2	0
tC(GCA)Q	0
tD(GUC)B	0
tD(GUC)D	0
tD(GUC)G1	0
tD(GUC)G2	0
tD(GUC)I1	0
tD(GUC)I2	0
tD(GUC)J1	0
tD(GUC)J2	0
tD(GUC)J3	0
tD(GUC)J4	0
tD(GUC)K	0
tD(GUC)L1	0
tD(GUC)L2	0
tD(GUC)M	0
tD(GUC)N	0
tD(GUC)O	0
tD(GUC)Q	0
tE(CUC)D	0
tE(CUC)I	0
tE(UUC)B	0
tE(UUC)C	0
tE(UUC)E1	0
tE(UUC)E2	0
tE(UUC)E3	0
tE(UUC)G1	0
tE(UUC)G2	0
tE(UUC)G3	0
tE(UUC)I	0
tE(UUC)J	0
tE(UUC)K	0
tE(UUC)L	0
tE(UUC)M	0
tE(UUC)P	0
tE(UUC)Q	0
tF(GAA)B	0
tF(GAA)D	0
tF(GAA)F	0
tF(GAA)G	0
tF(GAA)H1	0
tF(GAA)H2	0
tF(GAA)M	0
tF(GAA)N	0
tF(GAA)P1	0
tF(GAA)P2	0
tF(GAA)Q	0
tG(CCC)D	0
tG(CCC)O	0
tG(GCC)B	0
tG(GCC)C	0
tG(GCC)D1	0
tG(GCC)D2	0
tG(GCC)E	0
tG(GCC)F1	0
tG(GCC)F2	0
tG(GCC)G1	0
tG(GCC)G2	0
tG(GCC)J1	0
tG(GCC)J2	0
tG(GCC)M	0
tG(GCC)O1	0
tG(GCC)O2	0
tG(GCC)P1	0
tG(GCC)P2	0
tG(UCC)G	0
tG(UCC)N	0
tG(UCC)O	0
tG(UCC)Q	0
tH(GUG)E1	0
tH(GUG)E2	0
tH(GUG)G1	0
tH(GUG)G2	0
tH(GUG)H	0
tH(GUG)K	0
tH(GUG)M	0
tH(GUG)Q	0
tI(AAU)B	0
tI(AAU)D	0
tI(AAU)E1	0
tI(AAU)E2	0
tI(AAU)G	0
tI(AAU)I1	0
tI(AAU)I2	0
tI(AAU)L1	0
tI(AAU)L2	0
tI(AAU)N1	0
tI(AAU)N2	0
tI(AAU)P1	0
tI(AAU)P2	0
tI(GAU)Q	0
tI(UAU)D	0
tI(UAU)L	0
tK(CUU)C	0
tK(CUU)D1	0
tK(CUU)D2	0
tK(CUU)E1	0
tK(CUU)E2	0
tK(CUU)F	0
tK(CUU)G1	0
tK(CUU)G2	0
tK(CUU)G3	0
tK(CUU)I	0
tK(CUU)J	0
tK(CUU)K	0
tK(CUU)M	0
tK(CUU)P	0
tK(UUU)D	0
tK(UUU)G1	0
tK(UUU)G2	0
tK(UUU)K	0
tK(UUU)L	0
tK(UUU)O	0
tK(UUU)P	0
tK(UUU)Q	0
tL(CAA)A	0
tL(CAA)C	0
tL(CAA)D	0
tL(CAA)G1	0
tL(CAA)G2	0
tL(CAA)G3	0
tL(CAA)K	0
tL(CAA)L	0
tL(CAA)M	0
tL(CAA)N	0
tL(GAG)G	0
tL(UAA)B1	0
tL(UAA)B2	0
tL(UAA)D	0
tL(UAA)J	0
tL(UAA)K	0
tL(UAA)L	0
tL(UAA)N	0
tL(UAA)Q	0
tL(UAG)J	0
tL(UAG)L1	0
tL(UAG)L2	0
tM(CAU)C	0
tM(CAU)D	0
tM(CAU)E	0
tM(CAU)J1	0
tM(CAU)J2	0
tM(CAU)J3	0
tM(CAU)M	0
tM(CAU)O1	0
tM(CAU)O2	0
tM(CAU)P	0
tM(CAU)Q1	0
tM(CAU)Q2	0
tN(GUU)C	0
tN(GUU)F	0
tN(GUU)G	0
tN(GUU)K	0
tN(GUU)L	0
tN(GUU)N1	0
tN(GUU)N2	0
tN(GUU)O1	0
tN(GUU)O2	0
tN(GUU)P	0
tN(GUU)Q	0
tP(AGG)C	0
tP(AGG)N	0
tP(UGG)A	0
tP(UGG)F	0
tP(UGG)H	0
tP(UGG)L	0
tP(UGG)M	0
tP(UGG)N1	0
tP(UGG)N2	0
tP(UGG)O1	0
tP(UGG)O2	0
tP(UGG)O3	0
tP(UGG)Q	0
tQ(CUG)M	0
tQ(UUG)B	0
tQ(UUG)C	0
tQ(UUG)D1	0
tQ(UUG)D2	0
tQ(UUG)D3	0
tQ(UUG)E1	0
tQ(UUG)E2	0
tQ(UUG)H	0
tQ(UUG)L	0
tQ(UUG)Q	0
tR(ACG)D	0
tR(ACG)E	0
tR(ACG)J	0
tR(ACG)K	0
tR(ACG)L	0
tR(ACG)O	0
tR(ACG)Q2	0
tR(CCG)L	0
tR(CCU)J	0
tR(UCU)B	0
tR(UCU)D	0
tR(UCU)E	0
tR(UCU)G1	0
tR(UCU)G2	0
tR(UCU)G3	0
tR(UCU)J1	0
tR(UCU)J2	0
tR(UCU)K	0
tR(UCU)M1	0
tR(UCU)M2	0
tR(UCU)Q1	0
tS(AGA)A	0
tS(AGA)B	0
tS(AGA)D1	0
tS(AGA)D2	0
tS(AGA)D3	0
tS(AGA)E	0
tS(AGA)G	0
tS(AGA)H	0
tS(AGA)J	0
tS(AGA)L	0
tS(AGA)M	0
tS(CGA)C	0
tS(GCU)F	0
tS(GCU)L	0
tS(GCU)O	0
tS(GCU)Q1	0
tS(UGA)E	0
tS(UGA)I	0
tS(UGA)P	0
tS(UGA)Q2	0
tT(AGU)B	0
tT(AGU)C	0
tT(AGU)D	0
tT(AGU)H	0
tT(AGU)I1	0
tT(AGU)I2	0
tT(AGU)J	0
tT(AGU)N1	0
tT(AGU)N2	0
tT(AGU)O1	0
tT(AGU)O2	0
tT(CGU)K	0
tT(UGU)G1	0
tT(UGU)G2	0
tT(UGU)H	0
tT(UGU)P	0
tT(UGU)Q1	0
tT(XXX)Q2	0
tV(AAC)E1	0
tV(AAC)E2	0
tV(AAC)G1	0
tV(AAC)G2	0
tV(AAC)G3	0
tV(AAC)H	0
tV(AAC)J	0
tV(AAC)K1	0
tV(AAC)K2	0
tV(AAC)L	0
tV(AAC)M1	0
tV(AAC)M2	0
tV(AAC)M3	0
tV(AAC)O	0
tV(CAC)D	0
tV(CAC)H	0
tV(UAC)B	0
tV(UAC)D	0
tV(UAC)Q	0
tW(CCA)G1	0
tW(CCA)G2	0
tW(CCA)J	0
tW(CCA)K	0
tW(CCA)M	0
tW(CCA)P	0
tW(UCA)Q	0
tX(XXX)D	0
tY(GUA)D	0
tY(GUA)F1	0
tY(GUA)F2	0
tY(GUA)J1	0
tY(GUA)J2	0
tY(GUA)M1	0
tY(GUA)M2	0
tY(GUA)O	0
tY(GUA)Q	0
__no_feature	1444
__ambiguous	48
__too_low_aQual	0
__not_aligned	1336
__alignment_not_unique	2
